College,Year,Category,Major,Score
清华大学,2020,理科,理科试验班类（新雅书院）,709
清华大学,2020,理科,临床医学类（医学实验班）,709
清华大学,2020,理科,理科试验班类（数理）,707
清华大学,2020,理科,计算机类,706
清华大学,2020,理科,临床医学类（协和）,706
清华大学,2020,理科,工科试验班类（能源与电气）,705
清华大学,2020,理科,工科试验班类（环境、化工与新材料）,705
清华大学,2020,理科,理科试验班类（经济、金融与管理）,705
清华大学,2020,理科,自动化类,705
清华大学,2020,文科,文科试验班类（经济、金融与管理）,672
清华大学,2020,文科,文科试验班类（新雅书院）,669
北京大学,2020,理科,工商管理类,709
北京大学,2020,理科,理科试验班类,708
北京大学,2020,理科,数学类,706
北京大学,2020,理科,法学,705
北京大学,2020,理科,计算机类,705
北京大学,2020,理科,物理学类,704
北京大学,2020,理科,化学类,704
北京大学,2020,理科,工科试验班类,703
北京大学,2020,理科,经济学类,703
北京大学,2020,理科,电子信息类,703
北京大学,2020,文科,人文科学试验班,679
北京大学,2020,文科,工商管理类,674
北京大学,2020,文科,文科试验班类,671
北京大学,2020,文科,经济学类,670
北京大学,2020,文科,城乡规划,667
北京大学,2020,文科,法学,666
北京大学,2020,文科,公共管理类,666
北京大学,2020,文科,中国语言文学类,665
北京大学,2020,文科,新闻传播学类,665
北京大学,2020,文科,国际政治（国政、外交学、国际政经）,663
北京交通大学,2020,理科,交通运输类,650
北京交通大学,2020,理科,土木类(智慧建造与智能工程),644
北京交通大学,2020,理科,外国语言文学类,645
北京交通大学,2020,理科,建筑类,646
北京交通大学,2020,理科,新闻传播学类,650
北京交通大学,2020,理科,机械类(智能制造与智能装备),644
北京交通大学,2020,理科,法学,647
北京交通大学,2020,理科,理科试验班类,649
北京交通大学,2020,理科,电子信息类(通信与控制),652
北京交通大学,2020,理科,电气工程及其自动化(新能源国际班),651
北京交通大学,2020,理科,电气类,648
北京交通大学,2020,理科,经济管理试验班,647
北京交通大学,2020,理科,计算机类,657
北京交通大学,2020,理科,软件工程,651
北京交通大学,2020,文科,外国语言文学类,620
北京交通大学,2020,文科,新闻传播学类,629
北京交通大学,2020,文科,法学,624
北京交通大学,2020,文科,经济管理试验班,628
石河子大学,2020,理科,阿拉伯语,588
石河子大学,2020,理科,材料科学与工程,591
石河子大学,2020,理科,地理科学,585
石河子大学,2020,理科,电气工程及其自动化,601
石河子大学,2020,理科,电子信息工程,596
石河子大学,2020,理科,动物科学,586
石河子大学,2020,理科,动物医学,585
石河子大学,2020,理科,俄语,587
石河子大学,2020,理科,法学,591
石河子大学,2020,理科,工商管理类,590
石河子大学,2020,理科,工业工程,588
石河子大学,2020,理科,护理学,586
石河子大学,2020,理科,化工与制药类,589
石河子大学,2020,理科,化学,593
石河子大学,2020,理科,环境工程,587
石河子大学,2020,理科,机械类,596
石河子大学,2020,理科,计算机类,595
石河子大学,2020,理科,建筑学,586
石河子大学,2020,理科,教育技术学,590
石河子大学,2020,理科,教育学,594
石河子大学,2020,理科,经济学类,595
石河子大学,2020,理科,口腔医学,607
石河子大学,2020,理科,林学,585
石河子大学,2020,理科,临床药学,593
石河子大学,2020,理科,临床医学,608
石河子大学,2020,理科,农林经济管理,585
石河子大学,2020,理科,农业资源与环境,587
石河子大学,2020,理科,葡萄与葡萄酒工程,585
石河子大学,2020,理科,人文地理与城乡规划,587
石河子大学,2020,理科,生物科学类,588
石河子大学,2020,理科,食品科学与工程类,586
石河子大学,2020,理科,数学与应用数学,593
石河子大学,2020,理科,水利类,587
石河子大学,2020,理科,土地资源管理,585
石河子大学,2020,理科,土木类,591
石河子大学,2020,理科,物理学,589
石河子大学,2020,理科,新闻传播学类,591
石河子大学,2020,理科,信息与计算科学,593
石河子大学,2020,理科,药学,594
石河子大学,2020,理科,医学检验技术,597
石河子大学,2020,理科,医学影像学,605
石河子大学,2020,理科,应用化学,592
石河子大学,2020,理科,应用物理学,589
石河子大学,2020,理科,应用心理学,582
石河子大学,2020,理科,英语,591
石河子大学,2020,理科,预防医学,594
石河子大学,2020,理科,园林,586
石河子大学,2020,理科,植物生产类,586
石河子大学,2020,理科,中药学,586
石河子大学,2020,文科,俄语,578
石河子大学,2020,文科,法学,583
石河子大学,2020,文科,公共事业管理,579
石河子大学,2020,文科,护理学,578
石河子大学,2020,文科,教育学,580
石河子大学,2020,文科,历史学,581
石河子大学,2020,文科,旅游管理,578
石河子大学,2020,文科,农林经济管理,579
石河子大学,2020,文科,社会工作,578
石河子大学,2020,文科,新闻传播学类,580
石河子大学,2020,文科,学前教育,578
石河子大学,2020,文科,应用心理学,591
石河子大学,2020,文科,英语,586
石河子大学,2020,文科,政治学与行政学,580
石河子大学,2020,文科,中国语言文学类,580
﻿北京航空航天大学,2020,理科,工科试验班类(航空航天类),684
北京航空航天大学,2020,理科,理科试验班类(中法工程师学院),685
北京航空航天大学,2020,理科,工科试验班类(信息类),686
北京航空航天大学,2020,理科,工科试验班类(国际通用工程学院),686
北京航空航天大学,2020,理科,工科试验班类(医工交叉试验班),686
北京航空航天大学,2020,理科,理科试验班类(高等理工学院),689
中国人民大学,2020,理科,财政学类,691
中国人民大学,2020,理科,法学,695
中国人民大学,2020,理科,工商管理类,689
中国人民大学,2020,理科,国际政治,687
中国人民大学,2020,理科,金融学类,695
中国人民大学,2020,理科,经济学类,692
中国人民大学,2020,理科,理科试验班,689
中国人民大学,2020,理科,人力资源管理,688
中国人民大学,2020,理科,社会科学试验班（管理学科类）,687
中国人民大学,2020,理科,社会学类,687
中国人民大学,2020,理科,新闻传播学类,688
中国人民大学,2020,理科,理科试验班（基础学科类）,683
中国人民大学,2020,理科,外国语言文学类,683
中国人民大学,2020,文科,法学,660
中国人民大学,2020,文科,工商管理类,655
中国人民大学,2020,文科,国际政治,654
中国人民大学,2020,文科,金融学类,655
中国人民大学,2020,文科,经济学类,655
中国人民大学,2020,文科,人力资源管理,652
中国人民大学,2020,文科,社会科学试验班（管理学科类）,653
中国人民大学,2020,文科,社会学类,654
中国人民大学,2020,文科,新闻传播学类,656
中国人民大学,2020,文科,马克思主义理论类,653
中国人民大学,2020,文科,人文科学试验班,655
中国人民大学,2020,文科,外国语言文学类,652
中国人民大学,2020,文科,设计学类（加权成绩）,605
北京理工大学,2020,理科,徐特立英才班,682
北京理工大学,2020,理科,宇航与机电类,677
北京理工大学,2020,理科,智能制造与车辆实验班,677
北京理工大学,2020,理科,信息科学技术,677
北京理工大学,2020,理科,电子信息实验班,677
北京理工大学,2020,理科,经济管理试验班,677
北京理工大学,2020,理科,信息科学技术(筑梦计划),673
北京理工大学,2020,理科,电子信息实验班(筑梦计划),672
北京理工大学,2020,理科,智能制造与车辆实验班(筑梦计划),659
北京理工大学,2020,理科,宇航与机电类(筑梦计划),657
北京理工大学,2020,理科,理学与材料菁英班(筑梦计划),651
北京理工大学,2020,理科,经济管理试验班(筑梦计划),649
北京理工大学,2020,文科,社会科学试验班(精品文科班),629
北京科技大学,2020,理科,理科试验班,655
北京科技大学,2020,理科,工科试验班类,652
北京科技大学,2020,理科,材料科学与工程,647
北京科技大学,2020,理科,工商管理类,647
北京科技大学,2020,理科,管理科学与工程类,647
北京科技大学,2020,理科,机械类,646
北京科技大学,2020,理科,能源动力类,646
北京科技大学,2020,理科,自动化类,650
北京科技大学,2020,理科,计算机类,652
北京科技大学,2020,理科,通信工程,651
北京科技大学,2020,理科,土木类,646
北京科技大学,2020,理科,安全工程,648
北京科技大学,2020,理科,数学类,650
北京科技大学,2020,理科,应用物理学,648
北京科技大学,2020,理科,应用化学,648
北京科技大学,2020,理科,生物技术,646
北京科技大学,2020,文科,工商管理类,620
北京科技大学,2020,文科,社会科学试验班,619
北京科技大学,2020,文科,外国语言文学类,618
北京化工大学,2020,理科,"材料类(先进材料及绿色制造)	",637
北京化工大学,2020,理科,管理科学与工程类,637
北京化工大学,2020,理科,环境工程,638
北京化工大学,2020,理科,工商管理类,638
北京化工大学,2020,理科,生物工程类（绿色生物制造与生物安全）,638
北京化工大学,2020,理科,化学类,639
北京化工大学,2020,理科,机械类（高端装备与智能制造、机器人）,639
北京化工大学,2020,理科,制药工程,639
北京化工大学,2020,理科,工科试验班（绿色化工与新能源类）,641
北京化工大学,2020,理科,电子科学与技术,642
北京化工大学,2020,理科,自动化类,642
北京化工大学,2020,理科,工科试验班（生工高精尖班）,642
北京化工大学,2020,理科,工科试验班（高材精英班）,643
北京化工大学,2020,理科,人工智能,643
北京化工大学,2020,理科,理科试验班（化学优培计划）,643
北京化工大学,2020,理科,计算机类,644
北京化工大学,2020,理科,数学类,644
北京化工大学,2020,文科,公共管理类,606
北京化工大学,2020,文科,工商管理类,609
北京化工大学,2020,文科,法学,610
北京化工大学,2020,文科,英语,610
北京化工大学,2020,文科,国际经济与贸易,611
北京邮电大学,2020,理科,通信工程(大类招生),666
北京邮电大学,2020,理科,电子信息类,663
北京邮电大学,2020,理科,计算机类,670
北京邮电大学,2020,理科,软件工程,662
北京邮电大学,2020,理科,人工智能(大类招生),664
北京邮电大学,2020,理科,自动化类,662
北京邮电大学,2020,理科,电子商务,662
北京邮电大学,2020,理科,信息管理与信息系统,662
北京邮电大学,2020,理科,工商管理类,662
北京邮电大学,2020,理科,应用物理学,662
北京邮电大学,2020,理科,科技与创意设计试验班,663
北京邮电大学,2020,文科,公共事业管理,619
北京邮电大学,2020,文科,英语,620
北京邮电大学,2020,文科,日语,614
北京邮电大学,2020,文科,法学,613
北京联合大学,2020,理科,金融学（实验班）,606
北京联合大学,2020,理科,金融学,601
北京联合大学,2020,理科,会计学,598
北京联合大学,2020,理科,旅游管理,597
北京联合大学,2020,理科,旅游管理（博雅实验班）,597
北京联合大学,2020,文科,金融学,603
北京联合大学,2020,文科,会计学,591
北京联合大学,2020,文科,旅游管理（博雅实验班）,589
北京联合大学,2020,文科,旅游管理,588
中国传媒大学,2020,理科,传播学(媒体市场调查与分析方向),637
中国传媒大学,2020,理科,管理科学与工程类,637
中国传媒大学,2020,理科,广播电视工程,638
中国传媒大学,2020,理科,广告学(数字营销方向),639
中国传媒大学,2020,理科,广播电视学,640
中国传媒大学,2020,理科,电子信息工程,640
中国传媒大学,2020,理科,物联网工程,640
中国传媒大学,2020,理科,文化产业管理,641
中国传媒大学,2020,理科,经济学类,641
中国传媒大学,2020,理科,数据科学与大数据技术,642
中国传媒大学,2020,理科,网络空间安全,643
中国传媒大学,2020,理科,人工智能,643
中国传媒大学,2020,理科,自动化(演艺工程与智能技术方向),645
中国传媒大学,2020,理科,网络与新媒体(智能融媒体运营方向),647
中国传媒大学,2020,理科,数字媒体技术(游戏设计技术方向),648
中国传媒大学,2020,理科,数据科学与大数据技术(传媒大数据方向),648
中国传媒大学,2020,理科,通信工程,648
中国传媒大学,2020,理科,数字媒体技术,650
中国传媒大学,2020,理科,新闻学(数据新闻报道方向),652
中国传媒大学,2020,文科,汉语国际教育,622
中国传媒大学,2020,文科,工商管理类,622
中国传媒大学,2020,文科,汉语言文学,624
中国传媒大学,2020,文科,公共关系学,624
中国传媒大学,2020,文科,行政管理(国家治理与政治传播方向),625
中国传媒大学,2020,文科,广告学,627
中国传媒大学,2020,文科,新闻学,628
中国传媒大学,2020,文科,传播学,628
中国传媒大学,2020,文科,网络与新媒体(媒体创意方向),629
中国传媒大学,2020,理科,传播学(媒体市场调查与分析方向),637
中国传媒大学,2020,理科,管理科学与工程类,637
中国传媒大学,2020,理科,广播电视工程,638
中国传媒大学,2020,理科,广告学(数字营销方向),639
中国传媒大学,2020,理科,广播电视学,640
中国传媒大学,2020,理科,电子信息工程,640
中国传媒大学,2020,理科,物联网工程,640
中国传媒大学,2020,理科,文化产业管理,641
中国传媒大学,2020,理科,经济学类,641
中国传媒大学,2020,理科,数据科学与大数据技术,642
中国传媒大学,2020,理科,网络空间安全,643
中国传媒大学,2020,理科,人工智能,643
中国传媒大学,2020,理科,自动化(演艺工程与智能技术方向),645
中国传媒大学,2020,理科,网络与新媒体(智能融媒体运营方向),647
中国传媒大学,2020,理科,数字媒体技术(游戏设计技术方向),648
中国传媒大学,2020,理科,数据科学与大数据技术(传媒大数据方向),648
中国传媒大学,2020,理科,通信工程,648
中国传媒大学,2020,理科,数字媒体技术,650
中国传媒大学,2020,理科,新闻学(数据新闻报道方向),652
中国传媒大学,2020,文科,汉语国际教育,622
中国传媒大学,2020,文科,工商管理类,622
中国传媒大学,2020,文科,汉语言文学,624
中国传媒大学,2020,文科,公共关系学,624
中国传媒大学,2020,文科,行政管理(国家治理与政治传播方向),625
中国传媒大学,2020,文科,广告学,627
中国传媒大学,2020,文科,新闻学,628
中国传媒大学,2020,文科,传播学,628
中国传媒大学,2020,文科,网络与新媒体(媒体创意方向),629
中国地质大学（北京）,2020,理科,安全工程,2020
中国地质大学（北京）,2020,理科,宝石及材料工艺学,2020
中国地质大学（北京）,2020,理科,材料类,2020
中国地质大学（北京）,2020,理科,材料物理,2020
中国地质大学（北京）,2020,理科,测绘工程,2020
中国地质大学（北京）,2020,理科,测控技术与仪器,2020
中国地质大学（北京）,2020,理科,地理信息科学,2020
中国地质大学（北京）,2020,理科,地球物理学,2020
中国地质大学（北京）,2020,理科,地下水科学与工程,2020
中国地质大学（北京）,2020,理科,地质工程,2020
中国地质大学（北京）,2020,理科,地质学（基地班）,2020
中国地质大学（北京）,2020,理科,地质学类,2020
中国地质大学（北京）,2020,理科,电气工程及其自动化,2020
中国地质大学（北京）,2020,理科,电子信息工程,2020
中国地质大学（北京）,2020,理科,工商管理类,2020
中国地质大学（北京）,2020,理科,海洋科学,2020
中国地质大学（北京）,2020,理科,海洋资源与环境,2020
中国地质大学（北京）,2020,理科,环境工程,2020
中国地质大学（北京）,2020,理科,机械设计制造及其自动化,2020
中国地质大学（北京）,2020,理科,计算机科学与技术,2020
中国地质大学（北京）,2020,理科,勘查技术与工程,2020
中国地质大学（北京）,2020,理科,软件工程,2020
中国地质大学（北京）,2020,理科,石油工程,2020
中国地质大学（北京）,2020,理科,数学与应用数学,2020
中国地质大学（北京）,2020,理科,土地整治工程,2020
中国地质大学（北京）,2020,理科,土地资源管理,2020
中国地质大学（北京）,2020,理科,土木工程,2020
中国地质大学（北京）,2020,理科,英语,2020
中国地质大学（北京）,2020,理科,资源勘查工程（能源）,2020
中国地质大学（北京）,2020,文科,法学,2020
中国地质大学（北京）,2020,文科,英语,2020
中国地质大学（北京）,2020,理科,材料类,2020
中国地质大学（北京）,2020,理科,地理信息科学,2020
中国地质大学（北京）,2020,理科,地下水科学与工程,2020
中国地质大学（北京）,2020,理科,地质学类,2020
中国地质大学（北京）,2020,理科,电气工程及其自动化,2020
中国地质大学（北京）,2020,理科,海洋科学,2020
中国地质大学（北京）,2020,理科,环境工程,2020
中国地质大学（北京）,2020,理科,计算机科学与技术,2020
中国地质大学（北京）,2020,理科,软件工程,2020
中国地质大学（北京）,2020,理科,石油工程,2020
中国地质大学（北京）,2020,理科,安全工程,2020
中国地质大学（北京）,2020,理科,地下水科学与工程,2020
中国地质大学（北京）,2020,理科,地质学类,2020
中国地质大学（北京）,2020,理科,电子信息工程,2020
中国地质大学（北京）,2020,理科,工商管理类,2020
中国地质大学（北京）,2020,理科,水文与水资源工程,2020
中国地质大学（北京）,2020,理科,土地整治工程,2020
北京外国语大学,2020,文科,法语,638
北京外国语大学,2020,文科,法语（国际关系）,637
北京外国语大学,2020,文科,外交学,634
北京外国语大学,2020,文科,德语,634
北京外国语大学,2020,文科,日语,633
北京外国语大学,2020,文科,英语,633
北京外国语大学,2020,文科,汉语国际教育,632
北京外国语大学,2020,文科,法学（英语）,616
北京外国语大学,2020,文科,工商管理类,612
北京外国语大学,2020,文科,新闻学（日语）,610
北京外国语大学,2020,文科,国际经济与贸易,610
北京外国语大学,2020,文科,传播学,604
北京外国语大学,2020,理科,法语,677
北京外国语大学,2020,理科,英语,662
北京外国语大学,2020,理科,德语,654
北京外国语大学,2020,理科,传播学,654
北京外国语大学,2020,理科,计算机科学与技术（英语）,654
北京外国语大学,2020,理科,法学（国际商法）,653
北京外国语大学,2020,理科,信息管理与信息系统（大数据与商务分析方向）,652
北京外国语大学,2020,理科,国际经济与贸易,652
北京外国语大学,2020,理科,俄语（金融方向）,652
北京外国语大学,2020,理科,国际商务（德语和德语国家研究）,651
北京外国语大学,2020,理科,金融学（俄语与俄语国家研究）,651
北京外国语大学,2020,理科,工商管理类,650
北京师范大学,2020,文科,教育学类（含教育学、学前教育、特殊教育、教育技术学专业）,642
北京师范大学,2020,理科,教育学类（含教育学、学前教育、特殊教育、教育技术学专业）,672
北京师范大学,2020,理科,特殊教育（公费师范生）,
北京师范大学,2020,文科,政治学、经济学与哲学,639
北京师范大学,2020,理科,政治学、经济学与哲学,
北京师范大学,2020,文科,哲学,
北京师范大学,2020,理科,国际经济与贸易（瀚德实验班1班德语，仅招有专业志愿者）,673
北京师范大学,2020,文科,金融学,640
北京师范大学,2020,理科,金融学,
北京师范大学,2020,理科,会计学,670
北京师范大学,2020,理科,金融科技,
北京师范大学,2020,文科,工商管理（数字企业管理实验班）,
北京师范大学,2020,文科,法学（卓越实验班）,643
北京师范大学,2020,理科,法学（卓越实验班）,670
北京师范大学,2020,文科,法学（瀚德实验班2班西班牙语，仅招有专业志愿者）,641
北京师范大学,2020,文科,思想政治教育,
北京师范大学,2020,文科,社会学,639
北京师范大学,2020,理科,心理学,675
北京师范大学,2020,理科,心理学（公费师范生）,
北京师范大学,2020,理科,心理学（励耘实验班）,
北京师范大学,2020,理科,体育教育,
北京师范大学,2020,文科,汉语言文学,643
北京师范大学,2020,理科,英语,668
北京师范大学,2020,文科,传播学（网络新媒体方向）,639
北京师范大学,2020,文科,历史学,640
北京师范大学,2020,理科,数学与应用数学,674
北京师范大学,2020,理科,物理学,670
北京师范大学,2020,理科,化学,668
北京师范大学,2020,理科,天文学,668
北京师范大学,2020,理科,地理科学类（含自然地理与资源环境、人文地理与城乡规划、地理信息科学专业）,668
北京师范大学,2020,理科,地理科学（励耘实验班）,
北京师范大学,2020,理科,资源环境科学,
北京师范大学,2020,理科,统计学,674
北京师范大学,2020,理科,环境科学与工程类（含环境科学、环境工程、环境生态工程专业）,670
北京师范大学,2020,理科,生物科学类（含生物科学、生物技术、生态学专业）,668
北京师范大学,2020,理科,计算机科学与技术,669
北京师范大学,2020,理科,人工智能,663
北京师范大学,2020,文科,公共管理类（含信息管理与信息系统<大数据治理方向>、人力资源管理、公共事业管理专业）,639
北京师范大学,2020,理科,公共管理类（含信息管理与信息系统<大数据治理方向>、人力资源管理、公共事业管理专业）,
北京师范大学,2020,文科,人文科学试验班（含汉语言文学、历史学、哲学）<励耘实验班>,647
北京师范大学,2020,理科,理科试验班（含数学与应用数学、物理学、化学、生物科学）<励耘实验班>,680
对外经济贸易大学,2020,文科,阿拉伯语,624
对外经济贸易大学,2020,文科,法语,632
对外经济贸易大学,2020,文科,德语,630
对外经济贸易大学,2020,文科,意大利语,627
对外经济贸易大学,2020,文科,日语,629
对外经济贸易大学,2020,文科,朝鲜语,624
对外经济贸易大学,2020,文科,西班牙语,629
对外经济贸易大学,2020,文科,波斯语,623
对外经济贸易大学,2020,文科,葡萄牙语,627
对外经济贸易大学,2020,文科,经济学类(国际经济与贸易、财政学、税收学),628
对外经济贸易大学,2020,文科,金融学类(金融学(国际金融与市场)、经济与金融),630
对外经济贸易大学,2020,文科,金融学,637
对外经济贸易大学,2020,文科,投资学,626
对外经济贸易大学,2020,文科,工商管理类(会计学、财务管理、人力资源管理、市场营销、工商管理),627
对外经济贸易大学,2020,文科,法学类(法学),630
对外经济贸易大学,2020,文科,保险学,627
对外经济贸易大学,2020,文科,中国语言文学类(汉语国际教育、汉语言文学),625
对外经济贸易大学,2020,文科,政治学类(国际政治、政治学与行政学),625
对外经济贸易大学,2020,理科,法语,657
对外经济贸易大学,2020,理科,德语,655
对外经济贸易大学,2020,理科,日语,654
对外经济贸易大学,2020,理科,西班牙语,654
对外经济贸易大学,2020,理科,经济学类(国际经济与贸易、财政学、税收学),659
对外经济贸易大学,2020,理科,金融学类(金融学(国际金融与市场)、经济与金融),659
对外经济贸易大学,2020,理科,金融学,655
对外经济贸易大学,2020,理科,金融工程,656
对外经济贸易大学,2020,理科,金融工程(量化金融实验班),659
对外经济贸易大学,2020,理科,工商管理类(会计学、财务管理、人力资源管理、市场营销、工商管理),653
对外经济贸易大学,2020,理科,法学类(法学),653
对外经济贸易大学,2020,理科,公共管理类(海关管理、行政管理、公共事业管理),652
对外经济贸易大学,2020,理科,数据科学与大数据技术,655
对外经济贸易大学,2020,理科,电子商务类(电子商务、信息管理与信息系统),652
对外经济贸易大学,2020,理科,精算学,653
对外经济贸易大学,2020,理科,经济统计学,655
中国矿业大学（北京）,2020,理科,土木工程 ,626
中国矿业大学（北京）,2020,理科,采矿工程 ,626
中国矿业大学（北京）,2020,理科,安全科学与工程类 ,627
中国矿业大学（北京）,2020,理科,矿物加工工程 ,627
中国矿业大学（北京）,2020,理科,地质类 ,627
中国矿业大学（北京）,2020,理科,环境工程 ,627
中国矿业大学（北京）,2020,理科,测绘类 ,628
中国矿业大学（北京）,2020,理科,地球物理学 ,628
中国矿业大学（北京）,2020,理科,城市地下空间工程 ,628
中国矿业大学（北京）,2020,理科,工商管理类 ,629
中国矿业大学（北京）,2020,理科,工程力学 ,629
中国矿业大学（北京）,2020,理科,工业工程 ,630
中国矿业大学（北京）,2020,理科,建筑学 ,631
中国矿业大学（北京）,2020,理科,化学工程与工艺 ,631
中国矿业大学（北京）,2020,理科,机械类 ,632
中国矿业大学（北京）,2020,理科,新能源科学与工程 ,632
中国矿业大学（北京）,2020,理科,数学类 ,634
中国矿业大学（北京）,2020,理科,材料科学与工程 ,634
中国矿业大学（北京）,2020,理科,信息工程 ,637
中国矿业大学（北京）,2020,理科,电气工程及其自动化 ,638
中国矿业大学（北京）,2020,理科,计算机科学与技术 ,644
中国矿业大学（北京）,2020,文科,行政管理 ,608
中国矿业大学（北京）,2020,文科,英语 ,609
中国矿业大学（北京）,2020,文科,法学 ,612
北方工业大学,2020,理科,计算机科学与技术（创新实验班） ,621
北方工业大学,2020,理科,计算机科学与技术,620
北方工业大学,2020,理科,数字媒体技术,619
北方工业大学,2020,理科,信息与计算科学 ,618
北方工业大学,2020,理科,统计学 ,618
北方工业大学,2020,理科,自动化（智能机器人与智能工业控制） ,618
北方工业大学,2020,理科,自动化（智能机器人与智能工业控制） ,618
北方工业大学,2020,理科,自动化（创新实验班） ,618
北方工业大学,2020,理科,自动化（创新实验班） ,618
北方工业大学,2020,理科,电子信息工程（理工科实验班） ,617
北方工业大学,2020,理科,工商管理 ,617
北方工业大学,2020,理科,通信工程 ,616
北方工业大学,2020,理科,新能源科学与工程（智能电网） ,616
北方工业大学,2020,理科,电子信息工程 ,615
北方工业大学,2020,理科,电气工程及其自动化 ,614
北方工业大学,2020,理科,电气工程及其自动化 ,614
北方工业大学,2020,理科,信息安全 ,614
北方工业大学,2020,理科,机械设计制造及其自动化（机器人） ,612
北方工业大学,2020,理科,建筑环境与能源应用工程（绿色建筑与新能源） ,612
北方工业大学,2020,理科,城乡规划（学制五年） ,612
北方工业大学,2020,理科,工业设计 ,611
北方工业大学,2020,理科,城市地下空间工程（智慧城市） ,611
北方工业大学,2020,理科,机械设计制造及其自动化（创新实验班） ,611
北方工业大学,2020,理科,会计学 ,610
北方工业大学,2020,理科,交通设备与控制工程（智能交通） ,610
北方工业大学,2020,理科,智能建造 ,609
北方工业大学,2020,理科,数据科学与大数据技术（中外合作办学）,592
北方工业大学,2020,文科,法学 ,594
北方工业大学,2020,文科,汉语言文学 ,593
北方工业大学,2020,文科,知识产权 ,593
北方工业大学,2020,文科,国际经济与贸易（专业教学背景为英语） ,593
北方工业大学,2020,文科,英语（只招英语语种考生） ,592
北方工业大学,2020,文科,日语（只招英语、日语语种考生） ,592
南京师范大学,2020,理科,英语（双外语）（学制五年）,643
南京师范大学,2020,理科,数学类（包含专业数学与应用数学（师范、基地班）、信息与计算科学）,643
南京师范大学,2020,理科,法学,640
南京师范大学,2020,理科,化学类（包含专业化学（师范、非师范）、应用化学）,640
南京师范大学,2020,理科,新闻传播学类（包含专业新闻学、广告学、网络与新媒体）,638
南京师范大学,2020,理科,自动化,638
南京师范大学,2020,理科,汉语言,637
南京师范大学,2020,理科,哲学,636
南京师范大学,2020,理科,生物工程,635
南京师范大学,2020,理科,能源动力类（包含专业能源与动力工程、能源与环境系统工程、建筑环境与能源应用工程）,634
南京师范大学,2020,理科,测绘工程 ,633
南京师范大学,2020,理科,环境科学与工程类（包含专业环境工程、环境科学） ,633
南京师范大学,2020,理科,公共管理类（包含专业公共事业管理、行政管理） ,633
南京师范大学,2020,文科,中国语言文学类（包含专业：汉语言文学（师范、非师范、国家文科基地）、秘书学） ,622
南京师范大学,2020,文科,古典文献学 ,621
南京师范大学,2020,文科,历史学类（包含专业：历史学（师范、非师范）、文物与博物馆学） ,619
南京师范大学,2020,文科,地理科学类（包含专业：地理科学（师范、英才班）、自然地理与资源环境、人文地理与城乡规划、地理信息科学） ,619
南京师范大学,2020,文科,工商管理类（包含专业：工商管理、人力资源管理） ,619
南京师范大学,2020,文科,小学教育（师范） ,618
南京师范大学,2020,文科,学前教育（师范） ,618
北京林业大学,2020,理科,风景园林,641
北京林业大学,2020,理科,计算机类,636
北京林业大学,2020,理科,数学与应用数学,636
北京林业大学,2020,理科,应用心理学,633
北京林业大学,2020,理科,金融学,633
北京林业大学,2020,理科,园林,634
北京林业大学,2020,理科,林学类,636
北京林业大学,2020,理科,生物科学类,631
北京林业大学,2020,理科,法学,607
北京林业大学,2020,理科,林业工程类,610
北京林业大学,2020,理科,土木工程,632
北京林业大学,2020,理科,城乡规划,632
北京林业大学,2020,理科,电子商务,608
北京林业大学,2020,理科,自动化,633
北京林业大学,2020,理科,电气工程及其自动化,633
北京林业大学,2020,理科,电子信息科学与技术,635
北京林业大学,2020,理科,环境工程,634
北京林业大学,2020,理科,园艺（观赏园艺方向）,625
北京林业大学,2020,理科,统计学,633
北京林业大学,2020,理科,工商管理类,622
北京林业大学,2020,理科,机械设计制造及其自动化,630
北京林业大学,2020,理科,信息管理与信息系统,632
北京林业大学,2020,理科,食品科学与工程,609
北京林业大学,2020,理科,地理信息科学,631
北京林业大学,2020,理科,野生动物与自然保护区管理,608
北京林业大学,2020,理科,车辆工程,625
北京林业大学,2020,理科,商务英语,625
北京林业大学,2020,理科,给排水科学与工程,621
北京林业大学,2020,理科,包装工程,615
北京林业大学,2020,理科,水土保持与荒漠化防治,618
北京林业大学,2020,理科,草业科学（草坪科学与管理方向）,604
北京林业大学,2020,理科,生物科学类,632
北京林业大学,2020,理科,计算机类,635
北京林业大学,2020,理科,水土保持与荒漠化防治,630
北京林业大学,2020,理科,机械设计制造及其自动化,633
北京林业大学,2020,理科,自动化,635
北京林业大学,2020,理科,信息管理与信息系统,632
北京林业大学,2020,理科,数学与应用数学,635
北京林业大学,2020,理科,环境工程,634
北京林业大学,2020,理科,旅游管理,631
北京林业大学,2020,理科,林学类,633
北京林业大学,2020,理科,土木工程,632
北京林业大学,2020,理科,食品科学与工程,631
北京林业大学,2020,理科,园艺（观赏园艺方向）,631
北京林业大学,2020,理科,林业工程类,630
北京林业大学,2020,理科,生物技术（中加合作办学项目）,584
北京林业大学,2020,理科,木材科学与工程（中加合作办学项目）,555
北京林业大学,2020,文科,工商管理类,616
北京林业大学,2020,文科,国际经济与贸易,615
北京林业大学,2020,文科,法学,618
北京林业大学,2020,文科,自然地理与资源环境,614
北京林业大学,2020,文科,商务英语,613
北京林业大学,2020,文科,工商管理类,609
新疆大学,2020,文科,俄语,584
新疆大学,2020,文科,法学,591
新疆大学,2020,文科,汉语国际教育,585
新疆大学,2020,文科,汉语言文学,588
新疆大学,2020,文科,行政管理,585
新疆大学,2020,文科,酒店管理,583
新疆大学,2020,文科,历史学,584
新疆大学,2020,文科,旅游管理,583
新疆大学,2020,文科,社会学,584
新疆大学,2020,文科,思想政治教育,583
新疆大学,2020,文科,新闻传播学类,586
新疆大学,2020,文科,英语,584
新疆大学,2020,文科,政治学与行政学,586
新疆大学,2020,文科,中国少数民族语言文学（维吾尔语言）,316
新疆大学,2020,理科,材料成型及控制工程,595
新疆大学,2020,理科,材料科学与工程,596
新疆大学,2020,理科,采矿工程,594
新疆大学,2020,理科,测绘工程,595
新疆大学,2020,理科,城乡规划,597
新疆大学,2020,理科,地理信息科学,595
新疆大学,2020,理科,地质工程,596
新疆大学,2020,理科,电气工程及其自动化,604
新疆大学,2020,理科,电子信息工程,602
新疆大学,2020,理科,俄语,585
新疆大学,2020,理科,法学,595
新疆大学,2020,理科,纺织工程,596
新疆大学,2020,理科,服装设计与工程,595
新疆大学,2020,理科,高分子材料与工程,596
新疆大学,2020,理科,给排水科学与工程,596
新疆大学,2020,理科,工程管理,595
新疆大学,2020,理科,工商管理类,594
新疆大学,2020,理科,工业工程,594
新疆大学,2020,理科,过程装备与控制工程,596
新疆大学,2020,理科,汉语言文学,595
新疆大学,2020,理科,行政管理,595
新疆大学,2020,理科,化学,600
新疆大学,2020,理科,化学工程与工艺,595
新疆大学,2020,理科,环境科学,596
新疆大学,2020,理科,机器人工程,600
新疆大学,2020,理科,机械工程,595
新疆大学,2020,理科,计算机科学与技术,608
新疆大学,2020,理科,建筑环境与能源应用工程,598
新疆大学,2020,理科,建筑学,605
新疆大学,2020,理科,交通工程,595
新疆大学,2020,理科,金融学,602
新疆大学,2020,理科,经济学,600
新疆大学,2020,理科,酒店管理,587
新疆大学,2020,理科,旅游管理,586
新疆大学,2020,理科,能源化学工程,595
新疆大学,2020,理科,能源与动力工程,596
新疆大学,2020,理科,软件工程,587
新疆大学,2020,理科,生态学,599
新疆大学,2020,理科,生物工程,595
新疆大学,2020,理科,生物科学,594
新疆大学,2020,理科,食品科学与工程,595
新疆大学,2020,理科,数据科学与大数据技术,600
新疆大学,2020,理科,数学与应用数学,602
新疆大学,2020,理科,水文与水资源工程,595
新疆大学,2020,理科,通信工程,599
新疆大学,2020,理科,统计学,597
新疆大学,2020,理科,土木工程,595
新疆大学,2020,理科,网络空间安全,599
新疆大学,2020,理科,物理学,595
新疆大学,2020,理科,物流管理,595
新疆大学,2020,理科,新闻传播学类,586
新疆大学,2020,理科,信息安全,600
新疆大学,2020,理科,信息与计算科学,598
新疆大学,2020,理科,英语,584
新疆大学,2020,理科,政治学与行政学,586
新疆大学,2020,理科,中国少数民族语言文学（维吾尔语言）,316
新疆大学,2020,理科,资源勘查工程,597
新疆大学,2020,理科,自动化,598
新疆大学,2020,理科,自然地理与资源环境,598
新疆大学,2020,文科,俄语,584
新疆大学,2020,文科,法学,591
新疆大学,2020,文科,汉语国际教育,585
新疆大学,2020,文科,汉语言文学,588
新疆大学,2020,文科,行政管理,585
新疆大学,2020,文科,酒店管理,583
新疆大学,2020,文科,历史学,584
新疆大学,2020,文科,旅游管理,583
新疆大学,2020,文科,社会学,584
新疆大学,2020,文科,思想政治教育,583
新疆大学,2020,文科,新闻传播学类,586
新疆大学,2020,文科,英语,584
新疆大学,2020,文科,政治学与行政学,586
新疆大学,2020,文科,中国少数民族语言文学（维吾尔语言）,316
新疆大学,2020,理科,材料成型及控制工程,595
新疆大学,2020,理科,材料科学与工程,596
新疆大学,2020,理科,采矿工程,594
新疆大学,2020,理科,测绘工程,595
新疆大学,2020,理科,城乡规划,597
新疆大学,2020,理科,地理信息科学,595
新疆大学,2020,理科,地质工程,596
新疆大学,2020,理科,电气工程及其自动化,604
新疆大学,2020,理科,电子信息工程,602
新疆大学,2020,理科,俄语,585
新疆大学,2020,理科,法学,595
新疆大学,2020,理科,纺织工程,596
新疆大学,2020,理科,服装设计与工程,595
新疆大学,2020,理科,高分子材料与工程,596
新疆大学,2020,理科,给排水科学与工程,596
新疆大学,2020,理科,工程管理,595
新疆大学,2020,理科,工商管理类,594
新疆大学,2020,理科,工业工程,594
新疆大学,2020,理科,过程装备与控制工程,596
新疆大学,2020,理科,汉语言文学,595
新疆大学,2020,理科,行政管理,595
新疆大学,2020,理科,化学,600
新疆大学,2020,理科,化学工程与工艺,595
新疆大学,2020,理科,环境科学,596
新疆大学,2020,理科,机器人工程,600
新疆大学,2020,理科,机械工程,595
新疆大学,2020,理科,计算机科学与技术,608
新疆大学,2020,理科,建筑环境与能源应用工程,598
新疆大学,2020,理科,建筑学,605
新疆大学,2020,理科,交通工程,595
新疆大学,2020,理科,金融学,602
新疆大学,2020,理科,经济学,600
新疆大学,2020,理科,酒店管理,587
新疆大学,2020,理科,旅游管理,586
新疆大学,2020,理科,能源化学工程,595
新疆大学,2020,理科,能源与动力工程,596
新疆大学,2020,理科,软件工程,587
新疆大学,2020,理科,生态学,599
新疆大学,2020,理科,生物工程,595
新疆大学,2020,理科,生物科学,594
新疆大学,2020,理科,食品科学与工程,595
新疆大学,2020,理科,数据科学与大数据技术,600
新疆大学,2020,理科,数学与应用数学,602
新疆大学,2020,理科,水文与水资源工程,595
新疆大学,2020,理科,通信工程,599
新疆大学,2020,理科,统计学,597
新疆大学,2020,理科,土木工程,595
新疆大学,2020,理科,网络空间安全,599
新疆大学,2020,理科,物理学,595
新疆大学,2020,理科,物流管理,595
新疆大学,2020,理科,新闻传播学类,586
新疆大学,2020,理科,信息安全,600
新疆大学,2020,理科,信息与计算科学,598
新疆大学,2020,理科,英语,584
新疆大学,2020,理科,政治学与行政学,586
新疆大学,2020,理科,中国少数民族语言文学（维吾尔语言）,316
新疆大学,2020,理科,资源勘查工程,597
新疆大学,2020,理科,自动化,598
新疆大学,2020,理科,自然地理与资源环境,598
中央民族大学,2020,文科,日语,388
中央民族大学,2020,理科,生物科学类,463
中央民族大学,2020,理科,计算机类,493
中央民族大学,2020,理科,电子信息类,462
中央民族大学,2020,理科,光电信息科学与工程,481
中央民族大学,2020,文科,美术学（美术教育）,399
中央民族大学,2020,理科,视觉传达设计,423
中央民族大学,2020,文科,新闻传播学类,317
浙江理工大学,2020,理科,应用心理学,620
浙江理工大学,2020,理科,计算机类,620
浙江理工大学,2020,理科,数学类,619
浙江理工大学,2020,理科,化学类,619
浙江理工大学,2020,理科,电子信息类,619
浙江理工大学,2020,理科,机械类,618
浙江理工大学,2020,理科,电气类,618
浙江理工大学,2020,理科,能源与动力工程,617
浙江理工大学,2020,文科,工商管理类,596
浙江理工大学,2020,文科,经济与贸易类,596
浙江理工大学,2020,文科,新闻传播学类,595
浙江理工大学,2020,文科,法学类,594
浙江理工大学,2020,文科,行政管理,593
浙江理工大学,2020,文科,外国语言文学类,593
中央财经大学,2020,理科,金融学类,676
中央财经大学,2020,理科,金融学,671
中央财经大学,2020,理科,投资学,669
中央财经大学,2020,理科,经济学类,667
中央财经大学,2020,理科,统计学类,664
中央财经大学,2020,理科,经济与贸易类,662
中央财经大学,2020,理科,数学类,662
中央财经大学,2020,理科,工商管理类（会计学院）,662
中央财经大学,2020,理科,计算机类,661
中央财经大学,2020,文科,金融学类,647
中央财经大学,2020,文科,经济学类,641
中央财经大学,2020,文科,财政学类,639
中央财经大学,2020,文科,工商管理类（会计学院）,637
中央财经大学,2020,文科,体育经济与管理,636
中央财经大学,2020,文科,工商管理类（商学院）,635
中央财经大学,2020,文科,汉语言文学,634
中央财经大学,2020,文科,法学,633
中央财经大学,2020,文科,新闻传播学类,633
中央财经大学,2020,文科,公共管理类,633
华北电力大学,2020,理科,电气类,657
华北电力大学,2020,理科,电子信息类,652
华北电力大学,2020,理科,能源动力类（能动）,647
华北电力大学,2020,理科,机械类,644
华北电力大学,2020,理科,材料类,643
华北电力大学,2020,理科,土木类,642
华北电力大学,2020,理科,自动化类,650
华北电力大学,2020,理科,计算机类,649
华北电力大学,2020,理科,工商管理类,643
华北电力大学,2020,理科,管理科学与工程类,643
华北电力大学,2020,理科,经济学类,643
华北电力大学,2020,理科,能源动力类（新能源）,647
华北电力大学,2020,理科,水利类,643
华北电力大学,2020,理科,核工程类,642
华北电力大学,2020,理科,数学类,645
华北电力大学,2020,理科,物理学类,649
华北电力大学,2020,理科,环境科学与工程类,643
华北电力大学,2020,文科,工商管理类,615
华北电力大学,2020,文科,法学类,616
华北电力大学,2020,文科,公共管理类,611
华北电力大学,2020,文科,外国语言文学类,611
北京体育大学,2020,理科,体育经济与管理,602
北京体育大学,2020,理科,体育经济与管理,613
北京体育大学,2020,理科,俄语,597
北京体育大学,2020,理科,俄语,610
北京体育大学,2020,理科,公共事业管理,598
北京体育大学,2020,理科,公共事业管理,610
北京体育大学,2020,理科,应用心理学,610
北京体育大学,2020,理科,德语,597
北京体育大学,2020,理科,教育学,595
北京体育大学,2020,理科,数据科学与大数据技术,616
北京体育大学,2020,理科,新闻学,598
北京体育大学,2020,理科,新闻学,624
北京体育大学,2020,理科,旅游管理,595
北京体育大学,2020,理科,旅游管理,616
北京体育大学,2020,理科,智能体育工程,620
北京体育大学,2020,理科,汉语国际教育,600
北京体育大学,2020,理科,汉语言文学,602
北京体育大学,2020,理科,法语,600
北京体育大学,2020,理科,法语,620
北京体育大学,2020,理科,经济学,619
北京体育大学,2020,理科,网络与新媒体,602
北京体育大学,2020,理科,网络与新媒体,628
北京体育大学,2020,理科,英语,600
北京体育大学,2020,理科,英语,611
北京体育大学,2020,理科,葡萄牙语,599
北京体育大学,2020,理科,西班牙语,599
北京体育大学,2020,理科,运动人体科学,617
北京体育大学,2020,理科,运动康复,610
北京体育大学,2020,理科,马克思主义理论,600
华东政法大学,2020,理科,知识产权,642
华东政法大学,2020,理科,法学类,639
华东政法大学,2020,理科,公共管理类,638
华东政法大学,2020,理科,政治学与行政学,632
华东政法大学,2020,理科,公共事业管理,632
华东政法大学,2020,理科,社会学类,630
华东政法大学,2020,理科,经济学类,628
华东政法大学,2020,理科,新闻传播学类,628
华东政法大学,2020,理科,计算机科学与技术（网信安全）,627
华东政法大学,2020,文科,法学类,619
华东政法大学,2020,文科,知识产权,618
华东政法大学,2020,文科,政治学与行政学,616
华东政法大学,2020,文科,公共管理类,616
华东政法大学,2020,文科,社会学类,615
华东政法大学,2020,文科,经济学类,615
华东政法大学,2020,文科,新闻传播学类,615
华东政法大学,2020,文科,工商管理类,614
华东政法大学,2020,文科,文化产业管理,613
华东政法大学,2020,文科,公共事业管理,613
燕山大学,2020,文科,外国语言文学类,589
燕山大学,2020,文科,日语,589
燕山大学,2020,理科,土木类,607
燕山大学,2020,理科,化学工程与工艺,607
燕山大学,2020,理科,过程装备与控制工程,607
燕山大学,2020,文科,工商管理,590
燕山大学,2020,理科,应用物理学,608
燕山大学,2020,理科,能源化学工程,608
燕山大学,2020,理科,旅游管理,608
燕山大学,2020,理科,工商管理,608
燕山大学,2020,理科,材料类,608
燕山大学,2020,文科,会计学,591
燕山大学,2020,文科,汉语言文学,591
燕山大学,2020,文科,法学,591
燕山大学,2020,理科,应用化学,609
燕山大学,2020,理科,能源动力类,609
燕山大学,2020,理科,环境工程,609
燕山大学,2020,理科,工业工程,609
燕山大学,2020,理科,软件工程,610
燕山大学,2020,理科,建筑学,610
燕山大学,2020,理科,统计学,611
燕山大学,2020,理科,电子科学与技术,611
燕山大学,2020,理科,车辆工程（卓越计划）,611
燕山大学,2020,理科,生物工程,612
燕山大学,2020,理科,会计学,612
燕山大学,2020,理科,工业设计,612
燕山大学,2020,理科,车辆工程,612
燕山大学,2020,文科,经济与金融,595
燕山大学,2020,理科,信息与计算科学,614
燕山大学,2020,理科,机械类,614
燕山大学,2020,理科,电子信息工程,616
燕山大学,2020,理科,电气类,616
燕山大学,2020,理科,经济与金融,617
燕山大学,2020,理科,计算机科学与技术,620
首都师范大学,2020,理科,计算机科学与技术,634
首都师范大学,2020,理科,生物科学类,631
首都师范大学,2020,理科,电子信息工程,631
首都师范大学,2020,理科,应用化学,629
首都师范大学,2020,理科,教育技术学,627
首都师范大学,2020,文科,马克思主义理论,610
首都师范大学,2020,文科,考古学,610
首都师范大学,2020,文科,国际经济与贸易,608
首都师范大学,2020,文科,英语,608
南通大学,2020,理科,临床医学,610
南通大学,2020,理科,口腔医学,610
南通大学,2020,理科,预防医学,610
南通大学,2020,理科,医学影像学,609
南通大学,2020,理科,计算机科学与技术,608
南通大学,2020,理科,软件工程,608
南通大学,2020,理科,数据科学与大数据技术,607
南通大学,2020,理科,自动化,606
南通大学,2020,理科,通信工程,605
南通大学,2020,理科,数学与应用数学,605
南通大学,2020,文科,英语,590
南通大学,2020,文科,国际经济与贸易,587
南通大学,2020,文科,工商管理,587
南通大学,2020,文科,新闻学,586
南通大学,2020,文科,汉语国际教育,585
南通大学,2020,文科,会计学,585
南通大学,2020,文科,汉语言文学,585
南通大学,2020,文科,思想政治教育,585
南通大学,2020,文科,商务英语,585
南通大学,2020,文科,秘书学,584
上海外国语大学,2020,理科,德语,654
上海外国语大学,2020,理科,英语,652
上海外国语大学,2020,理科,工商管理类,652
上海外国语大学,2020,理科,法学,651
上海外国语大学,2020,理科,国际经济与贸易,650
上海外国语大学,2020,理科,汉语国际教育,648
上海外国语大学,2020,理科,会计学,647
上海外国语大学,2020,理科,管理科学与工程类,645
上海外国语大学,2020,文科,会计学,632
上海外国语大学,2020,文科,国际经济与贸易,630
上海外国语大学,2020,文科,法学,629
上海外国语大学,2020,文科,英语,629
上海外国语大学,2020,文科,德语,629
上海外国语大学,2020,文科,工商管理类,628
上海外国语大学,2020,文科,汉语国际教育,626
复旦大学,2020,理科,经济学类,702
复旦大学,2020,理科,数学类,702
复旦大学,2020,理科,经济管理试验班,698
复旦大学,2020,理科,软件工程,697
复旦大学,2020,理科,工科试验班,696
复旦大学,2020,文科,中国语言文学类,662
复旦大学,2020,文科,经济管理试验班,660
复旦大学,2020,文科,新闻传播学类,658
复旦大学,2020,文科,历史学类,658
复旦大学,2020,文科,法学,657
复旦大学,2020,文科,经济学类,657
复旦大学上海医学院,2020,理科,临床医学（本博连读）,693
华东师范大学,2020,文科,汉语言文学,631
华东师范大学,2020,文科,历史学,640
华东师范大学,2020,文科,思想政治教育,628
华东师范大学,2020,文科,学前教育,628
华东师范大学,2020,文科,英语,634
华东师范大学,2020,理科,地理科学,655
华东师范大学,2020,理科,化学,661
华东师范大学,2020,理科,教育技术学,653
华东师范大学,2020,理科,生物科学,658
华东师范大学,2020,理科,数学与应用数学,662
华东师范大学,2020,理科,物理学,660
华东师范大学,2020,文科,俄语,631
华东师范大学,2020,文科,法学,636
华东师范大学,2020,文科,法语,632
华东师范大学,2020,文科,翻译,634
华东师范大学,2020,文科,工商管理(中法创新实验班),632
华东师范大学,2020,文科,工商管理类,635
华东师范大学,2020,文科,公共管理类,634
华东师范大学,2020,文科,汉语国际教育,632
华东师范大学,2020,文科,汉语言文学,639
华东师范大学,2020,文科,教育学类,634
华东师范大学,2020,文科,金融学类,638
华东师范大学,2020,文科,历史学,635
华东师范大学,2020,文科,人文地理与城乡规划,631
华东师范大学,2020,文科,日语,633
华东师范大学,2020,文科,社会学类,634
华东师范大学,2020,文科,新闻传播学类,634
华东师范大学,2020,文科,英语,633
华东师范大学,2020,文科,哲学,633
华东师范大学,2020,文科,政治学与行政学,635
华东师范大学,2020,文科,政治学与行政学(双学位),634
华东师范大学,2020,理科,地理科学,660
华东师范大学,2020,理科,地理信息科学,663
华东师范大学,2020,理科,电子信息科学与技术,666
华东师范大学,2020,理科,工商管理(中法创新实验班),661
华东师范大学,2020,理科,工商管理类,663
华东师范大学,2020,理科,公共管理类,660
华东师范大学,2020,理科,化学,661
华东师范大学,2020,理科,环境科学与工程类,661
华东师范大学,2020,理科,计算机科学与技术,665
华东师范大学,2020,理科,教育技术学(双学位),663
华东师范大学,2020,理科,金融学(双学位),668
华东师范大学,2020,理科,金融学类,666
华东师范大学,2020,理科,人文地理与城乡规划,662
华东师范大学,2020,理科,软件工程,670
华东师范大学,2020,理科,生态学,662
华东师范大学,2020,理科,生物科学类,664
华东师范大学,2020,理科,数据科学与大数据技术,667
华东师范大学,2020,理科,数学类,667
华东师范大学,2020,理科,听力与言语康复学,665
华东师范大学,2020,理科,通信工程,665
华东师范大学,2020,理科,统计学类,666
华东师范大学,2020,理科,微电子科学与工程,665
华东师范大学,2020,理科,物理学类,664
华东师范大学,2020,理科,心理学类,667
华东师范大学,2020,文科,法学,635
华东师范大学,2020,文科,工商管理类,627
华东师范大学,2020,文科,公共管理类,625
华东师范大学,2020,文科,教育学类,629
华东师范大学,2020,文科,社会学类,624
华东师范大学,2020,文科,新闻传播学类,629
华东师范大学,2020,文科,哲学,620
华东师范大学,2020,理科,地理信息科学,652
华东师范大学,2020,理科,电子信息科学与技术,655
华东师范大学,2020,理科,化学,649
华东师范大学,2020,理科,环境科学与工程类,646
华东师范大学,2020,理科,计算机科学与技术,658
华东师范大学,2020,理科,生物科学类,646
华东师范大学,2020,理科,微电子科学与工程,652
华东师范大学,2020,理科,物理学类,658
华东师范大学,2020,理科,心理学类,654
华东师范大学,2020,理科,信息管理与信息系统,653
华东师范大学,2020,文科,法学,631
华东师范大学,2020,文科,工商管理类,630
华东师范大学,2020,文科,公共管理类,629
华东师范大学,2020,文科,教育学类,633
华东师范大学,2020,文科,社会学类,627
华东师范大学,2020,文科,思想政治教育,629
华东师范大学,2020,文科,新闻传播学类,630
华东师范大学,2020,文科,政治学与行政学,628
华东师范大学,2020,理科,地理科学,660
华东师范大学,2020,理科,地理信息科学,658
华东师范大学,2020,理科,电子信息科学与技术,662
华东师范大学,2020,理科,化学,661
华东师范大学,2020,理科,环境科学与工程类,657
华东师范大学,2020,理科,计算机科学与技术,663
华东师范大学,2020,理科,人文地理与城乡规划,660
华东师范大学,2020,理科,软件工程,676
华东师范大学,2020,理科,生态学,657
华东师范大学,2020,理科,生物科学类,657
华东师范大学,2020,理科,通信工程,661
华东师范大学,2020,理科,统计学类,661
华东师范大学,2020,理科,微电子科学与工程,659
华东师范大学,2020,理科,物理学类,661
华东师范大学,2020,理科,心理学类,660
华东师范大学,2020,理科,信息管理与信息系统,659
上海大学,2020,理科,管理科学与工程,643
上海大学,2020,文科,理科实验班,648
上海大学,2020,理科,理科实验班,652
上海大学,2020,理科,经济管理类,645
上海大学,2020,理科,理学工学Ⅱ类,643
上海大学,2020,理科,理学工学Ⅰ类,643
上海大学,2020,理科,人文社科类,646
上海大学,2020,理科,电子信息工程（卓越工程师班）,652
上海大学,2020,理科,通信工程（卓越工程师班）,652
上海大学,2020,文科,思想政治教育,620
上海大学,2020,文科,人文社科类,622
上海大学,2020,文科,历史学,620
上海交通大学,2020,理科,电子信息类,699
上海交通大学,2020,理科,人工智能,699
上海交通大学,2020,文科,经济管理试验班,658
东华大学,2020,理科,理科试验班类,646
东华大学,2020,理科,计算机类,644
东华大学,2020,理科,智能制造工程,642
东华大学,2020,理科,经济与贸易类,642
东华大学,2020,理科,电子信息类Ⅰ,642
东华大学,2020,理科,电子信息类Ⅱ,642
东华大学,2020,理科,经济管理试验班,641
东华大学,2020,理科,物理学类,641
东华大学,2020,理科,服装设计与工程,641
东华大学,2020,理科,工业设计,640
东华大学,2020,理科,数学类,640
东华大学,2020,理科,机械工程,639
东华大学,2020,理科,社会科学试验班,639
东华大学,2020,理科,管理科学与工程类,639
东华大学,2020,理科,功能材料,638
东华大学,2020,理科,建筑环境与能源应用工程,638
东华大学,2020,理科,新闻传播学类,638
东华大学,2020,理科,能源与环境系统工程,637
东华大学,2020,理科,化学类,637
东华大学,2020,理科,材料类,637
东华大学,2020,理科,纺织类,637
东华大学,2020,理科,环境科学与工程类,636
东华大学,2020,理科,英语,636
北京工商大学,2020,理科,财务管理,609
北京工商大学,2020,理科,工商管理类,612
北京工商大学,2020,理科,电子商务类,607
北京工商大学,2020,理科,机械类,606
北京工商大学,2020,理科,经济学类（经管类）,618
北京工商大学,2020,理科,酿酒工程,604
北京工商大学,2020,理科,食品科学与工程类,606
北京工商大学,2020,理科,经济统计学,609
北京工商大学,2020,理科,数学类（数据科学）,612
北京工商大学,2020,理科,新闻传播类,608
华东理工大学,2020,理科,经济学类,656
华东理工大学,2020,理科,数学类,651
华东理工大学,2020,理科,计算机类,650
华东理工大学,2020,理科,工科试验班（智能与机器人）,649
华东理工大学,2020,理科,物理学类,649
华东理工大学,2020,理科,工商管理类,649
华东理工大学,2020,理科,工科试验班（生物医药）,648
华东理工大学,2020,理科,能源与动力工程,648
华东理工大学,2020,理科,管理科学与工程类,648
华东理工大学,2020,理科,化学类,647
华东理工大学,2020,理科,化学工程与工艺（双学士学位）,646
华东理工大学,2020,理科,机械类,645
华东理工大学,2020,理科,化工与制药类（国际卓越工程师班）,645
华东理工大学,2020,理科,环境工程,645
华东理工大学,2020,理科,材料类,645
华东理工大学,2020,理科,生物工程类,644
华东理工大学,2020,理科,公共管理类,644
华东理工大学,2020,理科,化工与制药类,643
华东理工大学,2020,文科,经济学类,619
华东理工大学,2020,文科,工商管理类,617
华东理工大学,2020,文科,法学,615
华东理工大学,2020,文科,外国语言文学类,615
华东理工大学,2020,文科,公共管理类,612
南京工业大学,2020,理科,计算机科学与技术,624
南京工业大学,2020,理科,电气工程及其自动化,623
南京工业大学,2020,理科,自动化,622
南京工业大学,2020,理科,化学工程与工艺,622
南京工业大学,2020,理科,电子信息类,621
南京工业大学,2020,理科,机械类,620
南京工业大学,2020,理科,应用物理学,619
南京工业大学,2020,理科,材料类,618
南京工业大学,2020,理科,能源动力类,618
南京工业大学,2020,理科,交通工程,618
南京工业大学,2020,理科,建筑环境与能源应用工程,617
南京工业大学,2020,理科,制药工程,617
南京工业大学,2020,理科,安全工程,617
南京工业大学,2020,理科,化学类,616
南京工业大学,2020,理科,工程力学,616
南京工业大学,2020,理科,土木类,616
南京工业大学,2020,理科,给排水科学与工程,616
南京工业大学,2020,理科,地质工程,616
南京工业大学,2020,理科,轻化工程,616
南京工业大学,2020,理科,建筑学,616
南京工业大学,2020,理科,生物工程,616
南京工业大学,2020,理科,新能源材料与器件,615
南京工业大学,2020,理科,食品科学与工程类,615
南京工业大学,2020,理科,管理科学与工程类,615
南京工业大学,2020,理科,地理信息科学,614
南京工业大学,2020,理科,焊接技术与工程,614
南京工业大学,2020,理科,建筑电气与智能化,614
南京工业大学,2020,理科,环境科学与工程类,614
南京工业大学,2020,理科,城乡规划,614
南京工业大学,2020,理科,风景园林,614
南京工业大学,2020,理科,消防工程,614
南京工业大学,2020,文科,法学,596
南京工业大学,2020,文科,知识产权,594
南京工业大学,2020,文科,工商管理类,594
南京工业大学,2020,文科,公共管理类,594
南京工业大学,2020,文科,社会工作,593
南京财经大学,2020,理科,会计学,623
南京财经大学,2020,理科,经济学,621
南京财经大学,2020,理科,金融学,620
南京财经大学,2020,理科,财务管理,617
南京财经大学,2020,理科,经济统计学,617
南京财经大学,2020,理科,数据管理与应用,616
南京财经大学,2020,理科,工商管理,616
南京财经大学,2020,理科,信用管理,616
南京财经大学,2020,理科,金融数学,615
南京财经大学,2020,理科,软件工程,615
南京财经大学,2020,理科,管理科学,615
南京财经大学,2020,理科,电子商务,615
南京财经大学,2020,理科,房地产开发与管理,614
南京财经大学,2020,理科,数学与应用数学,614
南京财经大学,2020,理科,应用化学,613
南京财经大学,2020,理科,物流管理,613
南京财经大学,2020,理科,食品科学与工程,612
南京财经大学,2020,理科,质量管理工程,612
南京财经大学,2020,理科,食品质量与安全,612
南京财经大学,2020,文科,会计学,606
南京财经大学,2020,文科,法学,603
南京财经大学,2020,文科,市场营销,603
南京财经大学,2020,文科,财政学,603
南京财经大学,2020,文科,税收学,603
南京财经大学,2020,文科,金融学,603
南京财经大学,2020,文科,审计学,603
南京财经大学,2020,文科,人力资源管理,602
南京财经大学,2020,文科,国际经济与贸易,602
南京财经大学,2020,文科,旅游管理,601
南京财经大学,2020,文科,网络与新媒体,601
同济大学,2020,理科,经济管理试验班,682
同济大学,2020,理科,工科试验班(建筑规划景观与设计类),683
同济大学,2020,理科,工科试验班(土木与环境类),682
同济大学,2020,理科,工科试验班(智能交通与车辆类),681
同济大学,2020,理科,工科试验班(信息类),683
同济大学,2020,文科,人文科学试验班,635
同济大学,2020,文科,社会科学试验班,638
同济大学,2020,文科,工科试验班(建筑规划景观与设计类),647
太原理工大学,2020,理科,数据科学与大数据技,632
太原理工大学,2020,理科,电气工程及其自动化（试验班）,630
太原理工大学,2020,理科,人工智能,630
太原理工大学,2020,理科,机器人工程（试验班）,629
太原理工大学,2020,理科,电子信息工程,628
太原理工大学,2020,理科,物联网工程,628
太原理工大学,2020,理科,电气工程及其自动化,627
太原理工大学,2020,理科,自动化,627
太原理工大学,2020,理科,机械设计制造及其自动化,626
太原理工大学,2020,理科,机械电子工程,626
太原理工大学,2020,理科,机器人工程,626
太原理工大学,2020,理科,精细化工,626
太原理工大学,2020,理科,光电信息科学与工程,625
太原理工大学,2020,理科,水利水电工程,625
太原理工大学,2020,理科,地质工程,625
太原理工大学,2020,理科,土木工程,624
太原理工大学,2020,理科,城市地下空间工程,624
太原理工大学,2020,理科,道路桥梁与渡河工程,624
太原理工大学,2020,理科,测绘工程,624
太原理工大学,2020,理科,化学工程与工艺,624
太原理工大学,2020,理科,资源勘查工程,624
太原理工大学,2020,理科,采矿工程（煤炭智能化）,624
太原理工大学,2020,理科,矿物加工工程,624
太原理工大学,2020,理科,纺织工程,624
太原理工大学,2020,理科,材料成型及控制工程,623
太原理工大学,2020,理科,金属材料工程,623
太原理工大学,2020,理科,土木工程（试验班）,623
太原理工大学,2020,理科,化学工程与工艺（试验班）,623
太原理工大学,2020,理科,采矿工程,623
太原理工大学,2020,理科,飞行器设计与工程,623
太原理工大学,2020,理科,农业水利工程,623
太原理工大学,2020,理科,环境工程,623
太原理工大学,2020,理科,安全工程,623
太原理工大学,2020,理科,应急技术与管理,623
太原理工大学,2020,理科,智能医学工程,623
太原理工大学,2020,理科,工程管理,623
太原理工大学,2020,文科,法学,601
太原理工大学,2020,文科,行政管理,601
太原理工大学,2020,文科,思想政治教育,600
太原理工大学,2020,文科,英语,600
太原理工大学,2020,文科,汉语国际教育,600
西南大学,2020,理科,数学类,643
西南大学,2020,理科,计算机科学与技术,643
西南大学,2020,理科,英语,642
西南大学,2020,理科,物理学,642
西南大学,2020,理科,电子信息类,641
西南大学,2020,理科,生物科学,640
西南大学,2020,理科,应用心理学,640
西南大学,2020,理科,智能科学与技术,639
西南大学,2020,理科,电气工程及其自动化,638
西南大学,2020,理科,经济学类,637
西南大学,2020,理科,教育学类（晏阳初实验班）,637
西南大学,2020,理科,网络工程,637
西南大学,2020,理科,公共管理类,637
西南大学,2020,理科,药学,636
西南大学,2020,理科,法学,636
西南大学,2020,理科,德语,636
西南大学,2020,理科,化学类,636
西南大学,2020,理科,机械类,636
西南大学,2020,理科,文化产业管理,636
西南大学,2020,理科,土木类,635
西南大学,2020,理科,材料类,634
西南大学,2020,理科,农业经济管理类,634
西南大学,2020,理科,制药工程,633
西南大学,2020,理科,环境科学与工程类,633
西南大学,2020,理科,风景园林,633
西南大学,2020,理科,工商管理类,633
西南大学,2020,理科,生物技术,632
西南大学,2020,理科,自然保护与环境生态类,632
西南大学,2020,理科,动物医学,632
西南大学,2020,理科,水产养殖学,631
西南大学,2020,理科,地理科学类,631
西南大学,2020,理科,纺织类,631
西南大学,2020,理科,食品科学与工程类,631
西南大学,2020,理科,植物生产类,631
西南大学,2020,理科,药学（全英文创新实验班）,631
西南大学,2020,理科,信息管理与信息系统,617
西南大学,2020,理科,市场营销,609
西南大学,2020,理科,物流管理,609
西南大学,2020,文科,英语（只招英语语种考生）,623
西南大学,2020,文科,法学,621
西南大学,2020,文科,应用心理学,620
西南大学,2020,文科,中国语言文学类,620
西南大学,2020,文科,地理科学类,620
西南大学,2020,文科,工商管理类,618
西南大学,2020,文科,教育学类（晏阳初实验班）,618
西南大学,2020,文科,俄语,617
西南大学,2020,文科,经济学类,617
西南大学,2020,文科,公共管理类,617
西南大学,2020,文科,思想政治教育,616
西南大学,2020,文科,文化产业管理,616
西南大学,2020,文科,农业经济管理类,616
西南大学,2020,文科,日语,615
西南大学,2020,文科,新闻学,615
西南大学,2020,文科,历史学类,615
西南大学,2020,文科,德语,614
西南大学,2020,文科,市场营销,601
西南大学,2020,文科,物流管理,600
重庆大学,2020,理科,数据科学与大数据技术,663
重庆大学,2020,理科,电气工程及其自动化,662
重庆大学,2020,理科,人工智能,660
重庆大学,2020,理科,机器人工程,659
重庆大学,2020,理科,城乡规划,659
重庆大学,2020,理科,会计学,659
重庆大学,2020,理科,智能医学工程,658
重庆大学,2020,理科,经济学类,658
重庆大学,2020,理科,数学类,658
重庆大学,2020,理科,计算机类,658
重庆大学,2020,理科,能源动力类Ⅰ,657
重庆大学,2020,理科,能源动力类Ⅱ,657
重庆大学,2020,理科,电子信息类Ⅰ,657
重庆大学,2020,理科,电子信息类Ⅱ,657
重庆大学,2020,理科,建筑学,657
重庆大学,2020,理科,风景园林,657
重庆大学,2020,理科,物理学类,656
重庆大学,2020,理科,航空航天类,656
重庆大学,2020,理科,机械类,655
重庆大学,2020,理科,工商管理类,655
重庆大学,2020,理科,化学类,654
重庆大学,2020,理科,材料类,654
重庆大学,2020,理科,土木类,654
重庆大学,2020,理科,环境科学与工程类,654
重庆大学,2020,理科,生物医学工程类（生物与药学）,654
重庆大学,2020,理科,管理科学与工程类,654
重庆大学,2020,理科,公共管理类,654
重庆大学,2020,文科,人文科学试验班,630
重庆大学,2020,文科,会计学,629
重庆大学,2020,文科,经济学类,629
重庆大学,2020,文科,法学类,628
重庆大学,2020,文科,新闻传播学类,628
重庆大学,2020,文科,公共管理类,628
重庆大学,2020,文科,外国语言文学类,627
内蒙古大学,2020,理科,数学类,617
内蒙古大学,2020,理科,物理学（数理基地）,617
内蒙古大学,2020,理科,物理学类,617
内蒙古大学,2020,理科,化学（基地）,610
内蒙古大学,2020,理科,应用化学,610
内蒙古大学,2020,理科,生物科学（基地）,611
内蒙古大学,2020,理科,生物科学,608
内蒙古大学,2020,理科,生物技术,609
内蒙古大学,2020,理科,机械工程,614
内蒙古大学,2020,理科,车辆工程,608
内蒙古大学,2020,理科,材料化学（稀土材料）,608
内蒙古大学,2020,理科,计算机科学与技术,619
内蒙古大学,2020,理科,软件工程,617
内蒙古大学,2020,理科,土木工程（公路与桥梁）,603
内蒙古大学,2020,理科,道路桥梁与渡河工程,602
内蒙古大学,2020,理科,交通运输,603
内蒙古大学,2020,理科,环境工程,614
内蒙古大学,2020,理科,环境科学,606
内蒙古大学,2020,理科,食品科学与工程,610
内蒙古大学,2020,理科,园艺,602
内蒙古大学,2020,理科,物流管理,602
内蒙古大学,2020,文科,哲学,594
内蒙古大学,2020,文科,法学,596
内蒙古大学,2020,文科,政治学与行政学,594
内蒙古大学,2020,文科,汉语言文学,598
内蒙古大学,2020,文科,英语,597
内蒙古大学,2020,文科,俄语,593
内蒙古大学,2020,文科,日语,593
内蒙古大学,2020,文科,新闻学,594
内蒙古大学,2020,文科,网络与新媒体,596
内蒙古大学,2020,文科,历史学,596
大连理工大学,2020,理科,材料类,652
大连理工大学,2020,理科,车辆工程（英语强化）,655
大连理工大学,2020,理科,船舶与海洋工程,651
大连理工大学,2020,理科,电子科学与技术【含电子科学与技术、集成电路设计与集成系统】,655
大连理工大学,2020,理科,电子信息类（创新班）,663
大连理工大学,2020,理科,电子信息类（电信、自动化与计算机工科实验班）,656
大连理工大学,2020,理科,工程力学（钱令希力学创新班）,660
大连理工大学,2020,理科,工程力学【含工程力学、飞行器设计与工程】,655
大连理工大学,2020,理科,工商管理类（经济管理实验班）,651
大连理工大学,2020,理科,光电信息科学与工程【含光电信息科学与工程、测控技术与仪器】,655
大连理工大学,2020,理科,过程装备与控制工程【含过程装备与控制工程、安全工程】,651
大连理工大学,2020,理科,化工与制药类（创新班）,656
大连理工大学,2020,理科,化工与制药类（化工、制药与新材料工科实验班）,651
大连理工大学,2020,理科,环境科学与工程类,653
大连理工大学,2020,理科,机械设计制造及其自动化,655
大连理工大学,2020,理科,机械设计制造及其自动化（创新班）,656
大连理工大学,2020,理科,机械设计制造及其自动化（日语强化）,654
大连理工大学,2020,理科,建筑类,653
大连理工大学,2020,理科,金属材料工程（日语强化）,652
大连理工大学,2020,理科,能源与动力工程,652
大连理工大学,2020,理科,软件工程【含软件工程、网络工程】,653
大连理工大学,2020,理科,生物工程,653
大连理工大学,2020,理科,数学类,655
大连理工大学,2020,理科,土木类,651
大连理工大学,2020,理科,应用化学（张大煜化学基础科学班、理学）,656
大连理工大学,2020,理科,应用物理学（王大珩物理基础科学班）,655
大连理工大学,2020,理科,车辆工程（英语强化）（贫困地区专项计划）,653
大连理工大学,2020,理科,船舶与海洋工程（贫困地区专项计划）,654
大连理工大学,2020,理科,电子科学与技术【含电子科学与技术、集成电路设计与集成系统】（贫困地区专项计划）,654
大连理工大学,2020,理科,电子信息类（电信、自动化与计算机工科实验班）（贫困地区专项计划）,656
大连理工大学,2020,理科,工程力学【含工程力学、飞行器设计与工程】（贫困地区专项计划）,653
大连理工大学,2020,理科,工商管理类（经济管理实验班）（贫困地区专项计划）,653
大连理工大学,2020,理科,光电信息科学与工程【含光电信息科学与工程、测控技术与仪器】（贫困地区专项计划）,654
大连理工大学,2020,理科,化工与制药类（化工、制药与新材料工科实验班）（贫困地区专项计划）,652
大连理工大学,2020,理科,环境科学与工程类（贫困地区专项计划）,653
大连理工大学,2020,理科,机械设计制造及其自动化（贫困地区专项计划）,654
大连理工大学,2020,理科,建筑类（贫困地区专项计划）,654
大连理工大学,2020,理科,生物工程（贫困地区专项计划）,653
大连理工大学,2020,理科,数学类（贫困地区专项计划）,654
大连理工大学,2020,理科,土木类（贫困地区专项计划）,653
大连理工大学,2020,理科,工程力学（中外合作办学）,641
大连理工大学,2020,理科,应用物理学（中外合作办学）,642
大连理工大学,2020,理科,机械设计制造及其自动化（中外合作办学）,639
大连理工大学,2020,理科,计算机类（中外合作办学）,638
广州大学,2020,文科,金融学,600
广州大学,2020,文科,网络与新媒体,599
广州大学,2020,理科,信息安全,616
广州大学,2020,理科,地理科学,612
广州大学,2020,理科,生物制药,611
广州大学,2020,理科,机器人工程,614
广州大学,2020,理科,网络工程,616
广州大学,2020,理科,风景园林,609
广州大学,2020,理科,环境科学,609
广州大学,2020,理科,工程管理,610
辽宁大学,2020,理科,电气工程及其自动化（国家专项计划）,628
辽宁大学,2020,理科,环境工程（国家专项计划）,623
辽宁大学,2020,理科,计算机类（计算机科学与技术、数据科学与大数据技术）（国家专项计划）,630
辽宁大学,2020,理科,食品科学与工程（国家专项计划）,622
辽宁大学,2020,理科,数学与应用数学（国家专项计划）,623
辽宁大学,2020,理科,物理学类（物理学、应用物理学）（国家专项计划）,624
辽宁大学,2020,理科,制药工程（国家专项计划）,623
辽宁大学,2020,理科,财政学,626
辽宁大学,2020,理科,档案学,621
辽宁大学,2020,理科,电气工程及其自动化,623
辽宁大学,2020,理科,电子信息类（电子信息科学与技术、通信工程）,624
辽宁大学,2020,理科,法学,625
辽宁大学,2020,理科,工程管理,622
辽宁大学,2020,理科,工商管理类（工商管理、市场营销、人力资源管理）,623
辽宁大学,2020,理科,化学类（化学、应用化学）,622
辽宁大学,2020,理科,环境工程,622
辽宁大学,2020,理科,环境生态工程,622
辽宁大学,2020,理科,会计学,626
辽宁大学,2020,理科,计算机类（计算机科学与技术、数据科学与大数据技术）,625
辽宁大学,2020,理科,经济学类（经济学、经济统计学、国民经济管理）,627
辽宁大学,2020,理科,生物技术,621
辽宁大学,2020,理科,食品科学与工程,622
辽宁大学,2020,理科,数学与应用数学,624
辽宁大学,2020,理科,无机非金属材料工程,622
辽宁大学,2020,理科,哲学,623
辽宁大学,2020,文科,编辑出版学（国家专项计划）,602
辽宁大学,2020,文科,档案学（国家专项计划）,603
辽宁大学,2020,文科,金融学类（金融学、保险学）（国家专项计划）,603
辽宁大学,2020,文科,编辑出版学,603
辽宁大学,2020,文科,档案学,604
辽宁大学,2020,文科,德语,604
辽宁大学,2020,文科,俄语,603
辽宁大学,2020,文科,法学,611
辽宁大学,2020,文科,法语,603
辽宁大学,2020,文科,工商管理类（工商管理、市场营销、人力资源管理）,605
辽宁大学,2020,文科,广告学,603
辽宁大学,2020,文科,国际经济与贸易,609
辽宁大学,2020,文科,国际政治,604
辽宁大学,2020,文科,汉语国际教育,604
辽宁大学,2020,文科,汉语言文学,606
辽宁大学,2020,文科,行政管理,604
辽宁大学,2020,文科,会计学,607
辽宁大学,2020,文科,金融学类（金融学、保险学）,609
辽宁大学,2020,文科,经济学类（经济学、经济统计学、国民经济管理）,607
辽宁大学,2020,文科,考古学,604
辽宁大学,2020,文科,历史学,603
辽宁大学,2020,文科,日语,603
辽宁大学,2020,文科,新闻学,605
辽宁大学,2020,文科,哲学,603
大连海事大学,2020,理科,交通工程,617
大连海事大学,2020,理科,海事管理,617
大连海事大学,2020,理科,工商管理,617
大连海事大学,2020,理科,日语,617
大连海事大学,2020,理科,英语,617
大连海事大学,2020,理科,安全工程,617
大连海事大学,2020,理科,物流工程,617
大连海事大学,2020,理科,应用物理学,617
大连海事大学,2020,理科,交通管理,618
大连海事大学,2020,理科,自动化,619
大连海事大学,2020,理科,船舶与海洋工程,619
大连海事大学,2020,理科,电子商务,619
大连海事大学,2020,理科,数学与应用数学,619
大连海事大学,2020,理科,材料科学与工程,619
大连海事大学,2020,理科,测控技术与仪器,619
大连海事大学,2020,理科,交通运输,620
大连海事大学,2020,理科,能源与动力工程,620
大连海事大学,2020,理科,国际经济与贸易,620
大连海事大学,2020,理科,光电信息科学与工程,620
大连海事大学,2020,理科,轮机工程（陆上专业）,621
大连海事大学,2020,理科,电子信息科学与技术,621
大连海事大学,2020,理科,法学,622
大连海事大学,2020,理科,网络工程,622
大连海事大学,2020,理科,海洋资源与环境,622
大连海事大学,2020,理科,大数据管理与应用,623
大连海事大学,2020,理科,智能科学与技术,624
大连海事大学,2020,理科,电子信息工程,624
大连海事大学,2020,理科,数据科学与大数据技术,624
大连海事大学,2020,理科,机械设计制造及其自动化,625
大连海事大学,2020,理科,通信工程,628
大连海事大学,2020,理科,电气工程及其自动化,628
大连海事大学,2020,理科,软件工程,629
大连海事大学,2020,理科,计算机科学与技术,630
大连海事大学,2020,文科,社会工作,596
大连海事大学,2020,文科,公共事业管理,596
大连海事大学,2020,文科,工商管理,598
大连海事大学,2020,文科,法学,602
大连海事大学,2020,理科,航海技术（提前批）,569
大连海事大学,2020,理科,轮机工程（海上专业）（提前批）,582
大连海事大学,2020,理科,船舶电子电气工程（提前批）,607
大连海事大学,2020,理科,行政管理（高校专项计划）,603
大连海事大学,2020,理科,环境工程（高校专项计划）,603
大连海事大学,2020,理科,物流工程（高校专项计划）,603
大连海事大学,2020,理科,材料科学与工程（高校专项计划）,605
大连海事大学,2020,理科,应用物理学（高校专项计划）,605
大连海事大学,2020,理科,安全工程（高校专项计划）,605
大连海事大学,2020,理科,能源与动力工程（高校专项计划）,605
大连海事大学,2020,理科,信息管理与信息系统（高校专项计划）,606
大连海事大学,2020,理科,数学与应用数学（高校专项计划）,609
大连海事大学,2020,理科,物流管理（高校专项计划）,610
大连海事大学,2020,理科,统计学（高校专项计划）,610
大连海事大学,2020,理科,电子商务（高校专项计划）,612
大连海事大学,2020,理科,土木工程（高校专项计划）,614
大连海事大学,2020,理科,物联网工程（高校专项计划）,616
大连海事大学,2020,理科,机械设计制造及其自动化（高校专项计划）,620
大连海事大学,2020,理科,光电信息科学与工程（高校专项计划）,620
大连海事大学,2020,理科,测控技术与仪器（高校专项计划）,621
大连海事大学,2020,理科,日语（国家专项计划）,619
大连海事大学,2020,理科,物流工程（国家专项计划）,619
大连海事大学,2020,理科,轮机工程（海上专业）（国家专项计划）,619
大连海事大学,2020,理科,英语（国家专项计划）,620
大连海事大学,2020,理科,统计学（国家专项计划）,620
大连海事大学,2020,理科,航海技术（国家专项计划）,620
大连海事大学,2020,理科,工商管理（国家专项计划）,620
大连海事大学,2020,理科,能源与动力工程（国家专项计划）,623
大连海事大学,2020,理科,信息管理与信息系统（国家专项计划）,626
大连海事大学,2020,理科,土木工程(中外合作办学)（中外合作办学）,602
大连海事大学,2020,理科,机械设计制造及其自动化(中外合作办学)（中外合作办学）,605
大连海事大学,2020,理科,电子信息工程(中外合作办学)（中外合作办学）,607
吉林大学,2020,理科,556,65
吉林大学,2020,理科,,44
吉林大学,2020,理科,544,102
吉林大学,2020,理科,,73
吉林大学,2020,理科,,85
吉林大学,2020,理科,,53
吉林大学,2020,理科,,106
吉林大学,2020,理科,专业名称,最低分
吉林大学,2020,理科,材料类（含材料科学与工程、无机非金属材料工程、材料成型及控制工程）  ,649
吉林大学,2020,理科,材料物理  ,648
吉林大学,2020,理科,朝鲜语  ,652
吉林大学,2020,理科,车辆工程  ,653
吉林大学,2020,理科,地质类（含地质学、资源勘查工程、土地资源管理）  ,646
吉林大学,2020,理科,电子信息类（含电子信息工程、电子科学与技术、微电子科学与工程、电子信息科学与技术、生物医学工程）  ,652
吉林大学,2020,理科,法学  ,662
吉林大学,2020,理科,仿生科学与工程  ,649
吉林大学,2020,理科,放射医学（五年）  ,653
吉林大学,2020,理科,工商管理类（含会计学、工商管理、市场营销、人力资源管理）  ,646
吉林大学,2020,理科,工业设计  ,648
吉林大学,2020,理科,管理科学与工程类（含信息管理与信息系统、工程管理、物流管理、大数据管理与应用）  ,649
吉林大学,2020,理科,化学类（含化学、应用化学、材料化学、高分子材料与工程、化学工程与工艺）  ,651
吉林大学,2020,理科,环境科学与工程类（含环境科学、环境工程）  ,647
吉林大学,2020,理科,会计学（含会计学、财务管理、信用管理、经济学）  ,649
吉林大学,2020,理科,机械类（含机械工程、工业工程、工程力学、智能制造工程）  ,650
吉林大学,2020,理科,计算机类（含计算机科学与技术、物联网工程、网络空间安全）  ,655
吉林大学,2020,理科,交通运输类（含交通运输、交通工程、汽车服务工程、道路桥梁与渡河工程、物流工程）  ,646
吉林大学,2020,理科,经济学类（含经济学、财政学、金融学、国际经济与贸易）  ,654
吉林大学,2020,理科,勘查技术与工程（含勘查技术与工程、地理信息科学、地球物理学、测绘工程）  ,647
吉林大学,2020,理科,口腔医学（5+3一体化）  ,664
吉林大学,2020,理科,口腔医学（五年）  ,659
吉林大学,2020,理科,临床医学（5+3一体化）（二院）  ,662
吉林大学,2020,理科,临床医学（5+3一体化）（三院）  ,662
吉林大学,2020,理科,临床医学（5+3一体化）（一院）  ,664
吉林大学,2020,理科,临床医学（5+3一体化，儿科学）  ,658
吉林大学,2020,理科,临床医学（五年）（二院）  ,658
吉林大学,2020,理科,临床医学（五年）（三院）  ,658
吉林大学,2020,理科,临床医学（五年）（一院）  ,660
吉林大学,2020,理科,能源与动力工程  ,648
吉林大学,2020,理科,农业机械化及其自动化  ,648
吉林大学,2020,理科,人工智能  ,656
吉林大学,2020,理科,软件工程  ,650
吉林大学,2020,理科,生物工程类（含生物工程、生物制药、药物制剂）  ,646
吉林大学,2020,理科,生物科学类（含生物科学、生物技术）  ,647
吉林大学,2020,理科,食品科学与工程类（含食品科学与工程、食品质量与安全）  ,648
吉林大学,2020,理科,数据科学与大数据技术  ,654
吉林大学,2020,理科,数学类（含数学与应用数学、信息与计算科学、金融数学、统计学）  ,653
吉林大学,2020,理科,水利类（含水文与水资源工程、地下水科学与工程）  ,646
吉林大学,2020,理科,思想政治教育  ,649
吉林大学,2020,理科,通信工程（含通信工程、信息工程、空间信息与数字技术）  ,650
吉林大学,2020,理科,土木类（含土木工程、地质工程）  ,647
吉林大学,2020,理科,物理学类（含物理学、应用物理学、核物理、光电信息科学与工程）  ,655
吉林大学,2020,理科,药学  ,647
吉林大学,2020,理科,仪器类（含测控技术与仪器、电气工程及其自动化）  ,650
吉林大学,2020,理科,英语  ,647
吉林大学,2020,理科,应用心理学  ,648
吉林大学,2020,理科,预防医学（五年）  ,648
吉林大学,2020,理科,政治学与行政学（含政治学与行政学、国际政治、行政管理）  ,648
吉林大学,2020,理科,自动化类（含自动化、机器人工程）  ,652
吉林大学,2020,理科,护理学  单列代码,589
吉林大学,2020,理科,物理学（中外合作办学）  单列代码,629
吉林大学,2020,理科,动物医学（五年）  国家专项,638
吉林大学,2020,理科,工商管理类（含工商管理、市场营销、人力资源管理、信息管理与信息系统）  国家专项,645
吉林大学,2020,理科,管理科学与工程类（含信息管理与信息系统、工程管理、物流管理、大数据管理与应用）  国家专项,646
吉林大学,2020,理科,环境科学与工程类（含环境科学、环境工程）  国家专项,645
吉林大学,2020,理科,机械类（含机械工程、工业工程、工程力学、智能制造工程）  国家专项,650
吉林大学,2020,理科,计算机类（含计算机科学与技术、物联网工程、网络空间安全）  国家专项,652
吉林大学,2020,理科,交通运输类（含交通运输、交通工程、汽车服务工程、道路桥梁与渡河工程、物流工程）  国家专项,645
吉林大学,2020,理科,食品科学与工程类（含食品科学与工程、食品质量与安全）  国家专项,645
吉林大学,2020,理科,土木类（含土木工程、地质工程）  国家专项,647
吉林大学,2020,理科,植物生产类（含农学、园艺、植物保护、农业资源与环境）  国家专项,638
吉林大学,2020,理科,动物科学  农学单列,617
吉林大学,2020,理科,动物医学（五年）  农学单列,629
吉林大学,2020,理科,植物生产类（含农学、园艺、植物保护、农业资源与环境）  农学单列,620
吉林大学,2020,文科,俄语  ,621
吉林大学,2020,文科,法学  ,631
吉林大学,2020,文科,汉语言文学  ,626
吉林大学,2020,文科,经济学类（含经济学、财政学、金融学、国际经济与贸易）  ,625
吉林大学,2020,文科,考古学（含考古学、文物与博物馆学）  ,622
吉林大学,2020,文科,历史学  ,623
吉林大学,2020,文科,人文科学试验班（匡亚明班）(汉语言文学、历史学)  ,623
吉林大学,2020,文科,日语  ,624
吉林大学,2020,文科,社会学类（含社会学、社会工作、劳动与社会保障）  ,622
吉林大学,2020,文科,思想政治教育  ,621
吉林大学,2020,文科,新闻传播学类（含新闻学、广告学）  ,622
吉林大学,2020,文科,英语  ,622
吉林大学,2020,文科,哲学  ,623
吉林大学,2020,文科,政治学与行政学（含政治学与行政学、国际政治、行政管理）  ,625
吉林大学,2020,文科,戏剧与影视学类（含广播电视编导、播音与主持艺术）  单列代码,600
吉林大学,2020,文科,法学  国家专项,622
吉林大学,2020,文科,农林经济管理  国家专项,620
东北师范大学,2020,理科,经济学类,544
东北师范大学,2020,理科,马克思主义理论类,544
东北师范大学,2020,理科,教育学类（师范）,544
东北师范大学,2020,理科,教育技术学（师范）,544
东北师范大学,2020,理科,教育技术学（公费师范）,544
东北师范大学,2020,理科,学前教育（公费师范）,544
东北师范大学,2020,理科,英语（师范）,544
东北师范大学,2020,理科,英语（公费师范）,544
东北师范大学,2020,理科,俄语（师范）,544
东北师范大学,2020,理科,日语（师范）,544
东北师范大学,2020,理科,商务英语,544
东北师范大学,2020,理科,新闻传播学类,544
东北师范大学,2020,理科,数学类,544
东北师范大学,2020,理科,数学与应用数学（公费师范）,544
东北师范大学,2020,理科,物理学类,544
东北师范大学,2020,理科,物理学（公费师范）,544
东北师范大学,2020,理科,化学（师范）,544
东北师范大学,2020,理科,化学（公费师范）,544
东北师范大学,2020,理科,地理科学类,544
东北师范大学,2020,理科,地理科学（公费师范）,544
东北师范大学,2020,理科,生物科学类,544
东北师范大学,2020,理科,生物科学（公费师范）,544
东北师范大学,2020,理科,心理学（师范）,544
东北师范大学,2020,理科,心理学（公费师范）,544
东北师范大学,2020,理科,计算机科学与技术,544
东北师范大学,2020,理科,数字媒体技术（师范）,544
东北师范大学,2020,理科,智能科学与技术,544
东北师范大学,2020,理科,环境科学与工程类,544
东北师范大学,2020,理科,图书馆学,544
东北师范大学,2020,文科,经济学类,556
东北师范大学,2020,文科,政治学类,556
东北师范大学,2020,文科,马克思主义理论类,556
东北师范大学,2020,文科,思想政治教育（公费师范）,556
东北师范大学,2020,文科,教育学类（师范）,556
东北师范大学,2020,文科,小学教育（公费师范）,556
东北师范大学,2020,文科,汉语言文学（师范）,556
东北师范大学,2020,文科,汉语言文学（公费师范）,556
东北师范大学,2020,文科,英语（师范）,556
东北师范大学,2020,文科,英语（公费师范）,556
东北师范大学,2020,文科,俄语（师范）,556
东北师范大学,2020,文科,日语（师范）,556
东北师范大学,2020,文科,商务英语,556
东北师范大学,2020,文科,新闻传播学类,556
东北师范大学,2020,文科,历史学（师范）,556
东北师范大学,2020,文科,历史学（公费师范）,556
东北师范大学,2020,文科,地理科学（公费师范）,556
东北师范大学,2020,理科,播音与主持艺术,546
东北师范大学,2020,理科,美术学,532
东北师范大学,2020,理科,设计学类,488
东北师范大学,2020,文科,广播电视编导,590
东北师范大学,2020,文科,播音与主持艺术,556
东北师范大学,2020,文科,美术学,430
东北师范大学,2020,文科,美术学（师范）,517
东北师范大学,2020,文科,设计学类,488
东北师范大学,2020,理科,体育教育（公费师范）,483
东北师范大学,2020,文科,体育教育（公费师范）,415
东北师范大学,2020,理科,经济学类,544
东北师范大学,2020,理科,教育学类（师范）,544
东北师范大学,2020,理科,教育技术学（公费师范）,544
东北师范大学,2020,理科,小学教育（公费师范）,544
东北师范大学,2020,理科,英语（公费师范）,544
东北师范大学,2020,理科,数学类,544
东北师范大学,2020,理科,数学与应用数学（公费师范）,544
东北师范大学,2020,理科,物理学类,544
东北师范大学,2020,理科,物理学（公费师范）,544
东北师范大学,2020,理科,化学（公费师范）,544
东北师范大学,2020,理科,地理科学（公费师范）,544
东北师范大学,2020,理科,生物科学（公费师范）,544
东北师范大学,2020,理科,心理学（公费师范）,544
东北师范大学,2020,理科,计算机科学与技术,544
东北师范大学,2020,理科,环境科学与工程类,544
东北师范大学,2020,理科,图书馆学,544
东北师范大学,2020,文科,政治学类,556
东北师范大学,2020,文科,马克思主义理论类,556
东北师范大学,2020,文科,思想政治教育（公费师范）,556
东北师范大学,2020,文科,教育学类（师范）,556
东北师范大学,2020,文科,学前教育（公费师范）,556
东北师范大学,2020,文科,汉语言文学（公费师范）,556
东北师范大学,2020,文科,英语（公费师范）,556
东北师范大学,2020,文科,俄语（师范）,556
东北师范大学,2020,文科,日语（师范）,556
东北师范大学,2020,文科,历史学（公费师范）,556
东北师范大学,2020,文科,地理科学（公费师范）,556
延边大学,2020,理科,数学类（数学应用数学、统计学）,605
延边大学,2020,理科,物理学,605
延边大学,2020,理科,化学类（化学、应用化学）,605
延边大学,2020,理科,机械类（机械设计制造及其自动化、农业机械化及其自动化）,607
延边大学,2020,理科,高分子材料与工程,609
延边大学,2020,理科,电子信息类（电子信息工程、通信工程、计算机科学与技术、数字媒体技术）,609
延边大学,2020,理科,土木工程,604
延边大学,2020,理科,临床医学,609
延边大学,2020,理科,药学类（药学、药物制剂）,608
延边大学,2020,理科,经济学类（经济学、国际经济与贸易）,610
延边大学,2020,理科,信息管理与信息系统,605
延边大学,2020,理科,工商管理类（工商管理、市场营销、会计学）,605
延边大学,2020,理科,物流管理,604
延边大学,2020,理科,旅游管理,604
延边大学,2020,理科,经济学（中外合作办学）,590
延边大学,2020,文科,经济学类（经济学、国际经济与贸易）,599
延边大学,2020,文科,法学,593
延边大学,2020,文科,中国语言文学类（中国语言文学、汉语言、汉语国际教育）,595
延边大学,2020,文科,英语（商务英语）,593
延边大学,2020,文科,俄语（俄语翻译）,591
延边大学,2020,文科,日语（经贸日语）（零起点）,591
延边大学,2020,文科,朝鲜语,594
延边大学,2020,文科,工商管理类（工商管理、市场营销、会计学）,593
延边大学,2020,文科,旅游管理,591
延边大学,2020,文科,经济学（中外合作办学）,581
哈尔滨工业大学,2020,理科,工科试验班（智能土木与智能交通）（国家专项）,663
哈尔滨工业大学,2020,理科,工科试验班（智能装备与先进材料）（国家专项）,666
哈尔滨工业大学,2020,理科,光电信息科学与工程（国家专项）,667
哈尔滨工业大学,2020,理科,经济管理试验班（国家专项）,663
哈尔滨工业大学,2020,理科,工科试验班（生命科学挑战班）,658
哈尔滨工业大学,2020,理科,工科试验班（资源环境与新材料化工）,654
哈尔滨工业大学,2020,理科,工科试验班（航天与自动化）,672
哈尔滨工业大学,2020,理科,工科试验班（计算机与电子通信）,674
哈尔滨工业大学,2020,理科,工科试验班（英才本硕博连读）,684
哈尔滨工业大学,2020,理科,工科试验班（智能土木与智能交通）,671
哈尔滨工业大学,2020,理科,工科试验班（智能装备与先进材料）,670
哈尔滨工业大学,2020,理科,俄语,654
哈尔滨工业大学,2020,文科,法学,627
哈尔滨工业大学,2020,文科,经济管理试验班（含AI联合培养班）,625
哈尔滨工业大学,2020,文科,经济学,624
哈尔滨工业大学,2020,文科,设计学类,623
哈尔滨工业大学,2020,文科,社会学,623
哈尔滨工业大学,2020,文科,英语,623
哈尔滨工业大学,2020,文科,俄语,618
哈尔滨工业大学,2020,文科,日语,621
哈尔滨工业大学,2020,理科,工科试验班（智慧人居）（国家专项）,663
哈尔滨工业大学,2020,理科,工科试验班（智慧人居）,671
汕头大学,2020,文科,汉语言文学,589
汕头大学,2020,文科,英语,582
汕头大学,2020,理科,英语,617
汕头大学,2020,理科,数学与应用数学,606
汕头大学,2020,理科,光电信息科学与工程,606
汕头大学,2020,理科,生物技术,590
汕头大学,2020,理科,机械设计制造及其自动化,610
汕头大学,2020,理科,电子信息工程,612
汕头大学,2020,理科,通信工程,610
汕头大学,2020,理科,数据科学与大数据技术,615
汕头大学,2020,理科,土木工程,601
汕头大学,2020,文科,法学,594
汕头大学,2020,文科,法学（涉外法务英语特色班）,602
汕头大学,2020,文科,行政管理,577
汕头大学,2020,文科,国际经济与贸易,600
汕头大学,2020,理科,金融学,621
汕头大学,2020,理科,会计学,609
汕头大学,2020,文科,新闻学（国际新闻传播）,597
汕头大学,2020,文科,广告学,589
汕头大学,2020,理科,临床医学（全英预备班，“5+3”一体化）,622
汕头大学,2020,理科,临床医学（“5+3”一体化）,620
汕头大学,2020,理科,临床医学,619
汕头大学,2020,理科,临床医学（全科医学）,616
汕头大学,2020,理科,口腔医学,622
汕头大学,2020,理科,预防医学,592
汕头大学,2020,理科,药学,589
东北农业大学,2020,理科,食品科学与工程（本硕博班）,618
东北农业大学,2020,理科,计算机类,616
东北农业大学,2020,理科,农业资源与环境（本硕博班）,615
东北农业大学,2020,理科,生物科学（本硕博班）,615
东北农业大学,2020,理科,电气类,612
东北农业大学,2020,理科,统计学,611
东北农业大学,2020,理科,人文地理与城乡规划,610
东北农业大学,2020,理科,园艺（本硕博班）,610
东北农业大学,2020,理科,土地整治工程,610
东北农业大学,2020,理科,机械类,610
东北农业大学,2020,理科,能源动力类,610
东北农业大学,2020,理科,金融学类,610
东北农业大学,2020,理科,动物医学,609
东北农业大学,2020,理科,植物生产类Ⅱ,609
东北农业大学,2020,理科,应用化学,608
东北农业大学,2020,理科,应用气象学,608
东北农业大学,2020,理科,水利类,608
东北农业大学,2020,理科,风景园林,608
东北农业大学,2020,理科,化学生物学,607
东北农业大学,2020,理科,工业工程类,607
东北农业大学,2020,理科,植物生产类I,607
东北农业大学,2020,理科,环境科学与工程类,607
东北农业大学,2020,理科,生物科学类,607
东北农业大学,2020,理科,食品科学与工程类,607
东北农业大学,2020,理科,制药工程,606
东北农业大学,2020,理科,动物生产类,606
东北农业大学,2020,理科,动物药学,606
东北农业大学,2020,理科,园林,606
东北农业大学,2020,理科,土地资源管理,606
东北农业大学,2020,理科,生态学,606
东北农业大学,2020,理科,自然保护与环境生态类,606
东北农业大学,2020,文科,法学,597
东北农业大学,2020,文科,汉语国际教育,596
东北农业大学,2020,文科,行政管理,595
东北林业大学,2020,理科,计算机类,619
东北林业大学,2020,理科,生物科学（拔尖人才成栋班）,618
东北林业大学,2020,理科,电子信息类,618
东北林业大学,2020,理科,经济学类,618
东北林业大学,2020,理科,信息与计算科学,617
东北林业大学,2020,理科,林学类（成栋实验班）,617
东北林业大学,2020,理科,电气类,617
东北林业大学,2020,理科,风景园林,617
东北林业大学,2020,理科,工程管理,616
东北林业大学,2020,理科,林业工程类（成栋班）,616
东北林业大学,2020,理科,物理学,616
东北林业大学,2020,理科,工业设计,615
东北林业大学,2020,理科,数学与应用数学,615
东北林业大学,2020,理科,机械类（机电）,615
东北林业大学,2020,理科,材料类,615
东北林业大学,2020,理科,生态学,615
东北林业大学,2020,理科,野生动物与自然保护区管理,615
东北林业大学,2020,理科,食品科学与工程,615
东北林业大学,2020,理科,动物科学,614
东北林业大学,2020,理科,家具设计与工程,614
东北林业大学,2020,理科,工商管理类,614
东北林业大学,2020,理科,林学类,614
东北林业大学,2020,理科,化学类,613
东北林业大学,2020,理科,园林,613
东北林业大学,2020,理科,地理信息科学,613
东北林业大学,2020,理科,工业工程,613
东北林业大学,2020,理科,木材科学与工程,613
东北林业大学,2020,理科,机械类（车辆）,613
东北林业大学,2020,理科,森林工程,613
东北林业大学,2020,理科,生物科学类,613
东北林业大学,2020,理科,交通运输类,612
东北林业大学,2020,理科,动物医学,612
东北林业大学,2020,理科,包装工程,612
东北林业大学,2020,理科,化学工程与工艺,612
东北林业大学,2020,理科,土木工程,612
东北林业大学,2020,理科,城乡规划,612
东北林业大学,2020,理科,建筑环境与能源应用工程,612
东北林业大学,2020,理科,林产化工,612
东北林业大学,2020,理科,物流工程,612
东北林业大学,2020,理科,环境科学,612
东北林业大学,2020,理科,英语,612
东北林业大学,2020,理科,轻化工程,612
东北林业大学,2020,文科,经济学类,602
东北林业大学,2020,文科,俄语,599
东北林业大学,2020,文科,法学,599
东北林业大学,2020,文科,工商管理类,598
东北林业大学,2020,文科,广告学,598
东北林业大学,2020,文科,政治学与行政学,598
东北林业大学,2020,文科,日语,598
东北林业大学,2020,文科,社会工作,598
东北林业大学,2020,文科,英语,598
东北林业大学,2020,理科,计算机类（国家专项）,621
东北林业大学,2020,理科,机械类（机电）（国家专项）,619
东北林业大学,2020,理科,电子信息类（国家专项）,618
东北林业大学,2020,理科,英语（国家专项）,617
东北林业大学,2020,理科,林产化工（国家专项）,616
东北林业大学,2020,理科,物理学（国家专项）,616
东北林业大学,2020,理科,生物科学类（国家专项）,615
东北林业大学,2020,理科,交通运输类（国家专项）,614
东北林业大学,2020,理科,化学工程与工艺（国家专项）,614
东北林业大学,2020,理科,化学类（国家专项）,614
东北林业大学,2020,理科,工业工程（国家专项）,614
东北林业大学,2020,理科,工商管理类（国家专项）,614
东北林业大学,2020,理科,森林工程（国家专项）,614
东北林业大学,2020,理科,动物科学（国家专项）,613
东北林业大学,2020,理科,地理信息科学（国家专项）,613
东北林业大学,2020,理科,建筑环境与能源应用工程（国家专项）,613
东北林业大学,2020,理科,木材科学与工程（国家专项）,613
东北林业大学,2020,理科,物流工程（国家专项）,613
东北林业大学,2020,理科,俄语（国家专项）,611
东北林业大学,2020,理科,野生动物与自然保护区管理（国家专项）,611
东北林业大学,2020,理科,计算机科学与技术(中外合作办学),589
东北林业大学,2020,理科,化学(中外合作办学),577
东北林业大学,2020,理科,生物技术(中外合作办学),575
东北林业大学,2020,理科,工程管理(中外合作办学),547
上海师范大学,2020,文科,档案学,598
上海师范大学,2020,文科,地理科学（师范）,599
上海师范大学,2020,文科,法学,602
上海师范大学,2020,文科,工商管理类,600
上海师范大学,2020,文科,公共管理类,0
上海师范大学,2020,文科,古典文献学,598
上海师范大学,2020,文科,汉语国际教育,600
上海师范大学,2020,文科,汉语言文学（基地班）,604
上海师范大学,2020,文科,汉语言文学（师范）,602
上海师范大学,2020,文科,经济学,602
上海师范大学,2020,文科,经济学（中法合作）,589
上海师范大学,2020,文科,经济学（中美合作）,590
上海师范大学,2020,文科,历史学（师范）,599
上海师范大学,2020,文科,旅游管理类,598
上海师范大学,2020,文科,人力资源管理,600
上海师范大学,2020,文科,日语,598
上海师范大学,2020,文科,社会工作,599
上海师范大学,2020,文科,世界史,601
上海师范大学,2020,文科,思想政治教育,598
上海师范大学,2020,文科,文化产业管理,598
上海师范大学,2020,文科,小学教育,604
上海师范大学,2020,文科,新闻传播学类,602
上海师范大学,2020,文科,英语,600
上海师范大学,2020,文科,英语（师范）,601
上海师范大学,2020,文科,园艺（中荷合作）,589
上海师范大学,2020,文科,哲学,599
上海师范大学,2020,理科,地理科学类,609
上海师范大学,2020,理科,电子信息工程（中美合作）,604
上海师范大学,2020,理科,电子信息类,612
上海师范大学,2020,理科,工程管理,609
上海师范大学,2020,理科,工商管理类,613
上海师范大学,2020,理科,化学（师范）,618
上海师范大学,2020,理科,化学类,613
上海师范大学,2020,理科,环境工程,609
上海师范大学,2020,理科,机械设计制造及其自动化（中美合作）,602
上海师范大学,2020,理科,计算机科学与技术（师范）,616
上海师范大学,2020,理科,计算机科学与技术（中法合作）,603
上海师范大学,2020,理科,金融学类,615
上海师范大学,2020,理科,科学教育,620
上海师范大学,2020,理科,旅游管理类,609
上海师范大学,2020,理科,汽车服务工程（中德合作）,597
上海师范大学,2020,理科,生物科学类,615
上海师范大学,2020,理科,食品安全与检测,612
上海师范大学,2020,理科,数学类,619
上海师范大学,2020,理科,数学与应用数学（数学金融AI实验班）,617
上海师范大学,2020,理科,土木工程（道桥工程）,611
上海师范大学,2020,理科,土木工程（中英合作）,598
上海师范大学,2020,理科,物理学,618
上海师范大学,2020,理科,园艺（中荷合作）,596
中南大学,2020,理科,金融学类（经济管理类）,657
中南大学,2020,理科,建筑类（城筑城规类）,645
中南大学,2020,理科,数学类（数学物理类）,656
中南大学,2020,理科,化工与制药类（化学生物环境类）,621
中南大学,2020,理科,材料类（冶金材料类）,639
中南大学,2020,理科,土木类（土木安全类）,617
中南大学,2020,理科,交通运输类,611
中南大学,2020,理科,机械类,640
中南大学,2020,理科,能源动力类（能源类）,652
中南大学,2020,理科,电子信息类,658
中南大学,2020,理科,自动化类（自动化与电气类）,654
中南大学,2020,理科,计算机类（计算机通信类）,661
中南大学,2020,理科,航空航天类,659
中南大学,2020,理科,软件工程,658
中南大学,2020,理科,临床医学（八年制）,679
中南大学,2020,理科,口腔医学（5+3）,664
中南大学,2020,理科,临床医学类（临床及口腔五年制医学类）,662
中南大学,2020,理科,公共卫生与预防医学类（非临床五年制医学类）,616
中南大学,2020,理科,医学技术类（医学四年类）,636
中南大学,2020,文科,金融学类（经济管理类）,628
中南大学,2020,文科,法学类,630
中南大学,2020,文科,中国语言文学类,627
中南大学,2020,文科,外国语言文学类,627
中国地质大学（武汉）,2020,理科,安全工程,629
中国地质大学（武汉）,2020,理科,宝石及材料工艺学,631
中国地质大学（武汉）,2020,理科,材料类,630
中国地质大学（武汉）,2020,理科,测绘类,629
中国地质大学（武汉）,2020,理科,大气科学,628
中国地质大学（武汉）,2020,理科,地理科学类,633
中国地质大学（武汉）,2020,理科,地球物理学类(地球物理与信息类),631
中国地质大学（武汉）,2020,理科,地球物理学类(菁英班),633
中国地质大学（武汉）,2020,理科,地质类,629
中国地质大学（武汉）,2020,理科,地质类(资源能源),629
中国地质大学（武汉）,2020,理科,地质学类(含国家理科基地班),629
中国地质大学（武汉）,2020,理科,地质学类(菁英班),636
中国地质大学（武汉）,2020,理科,电子信息类,635
中国地质大学（武汉）,2020,理科,工商管理类,630
中国地质大学（武汉）,2020,理科,管理科学与工程类,630
中国地质大学（武汉）,2020,理科,广播电视学,632
中国地质大学（武汉）,2020,理科,环境科学与工程类(环境地球科学类),628
中国地质大学（武汉）,2020,理科,机械类,628
中国地质大学（武汉）,2020,理科,计算机类,636
中国地质大学（武汉）,2020,理科,经济学类,635
中国地质大学（武汉）,2020,理科,勘查技术与工程(勘查地球物理方向),629
中国地质大学（武汉）,2020,理科,数学类,629
中国地质大学（武汉）,2020,理科,统计学,629
中国地质大学（武汉）,2020,理科,土木类,631
中国地质大学（武汉）,2020,理科,物理学,632
中国地质大学（武汉）,2020,理科,英语,632
中国地质大学（武汉）,2020,理科,应用化学,630
中国地质大学（武汉）,2020,理科,自动化类,628
中国地质大学（武汉）,2020,文科,法学,616
中国地质大学（武汉）,2020,文科,工商管理类,612
中国地质大学（武汉）,2020,文科,公共管理类,611
中国地质大学（武汉）,2020,文科,广播电视学,611
中国地质大学（武汉）,2020,文科,思想政治教育,616
中国地质大学（武汉）,2020,文科,英语,611
华南理工大学,2020,理科,机械类(创新班),667
华南理工大学,2020,理科,信息工程(创新班),666
华南理工大学,2020,理科,计算机类,666
华南理工大学,2020,理科,经济学(创新班),666
华南理工大学,2020,理科,电气工程及其自动化(卓越班),665
华南理工大学,2020,理科,计算机科学与技术(全英创新班),665
华南理工大学,2020,理科,软件工程(卓越班),665
华南理工大学,2020,理科,自动化类,665
华南理工大学,2020,理科,信息工程,664
华南理工大学,2020,理科,城乡规划,664
华南理工大学,2020,理科,建筑学,664
华南理工大学,2020,理科,软件工程,664
华南理工大学,2020,理科,数学类,664
华南理工大学,2020,理科,微电子科学与工程,664
华南理工大学,2020,理科,机器人工程,664
华南理工大学,2020,理科,智能制造工程,664
华南理工大学,2020,理科,风景园林,663
华南理工大学,2020,理科,工程力学(创新班),663
华南理工大学,2020,理科,材料类,662
华南理工大学,2020,理科,电气类,662
华南理工大学,2020,理科,分子科学与工程,662
华南理工大学,2020,理科,土木工程(卓越全英班),662
华南理工大学,2020,理科,机械工程(卓越双语班),661
华南理工大学,2020,理科,机械类,661
华南理工大学,2020,理科,经济学类,661
华南理工大学,2020,理科,物理学类,661
华南理工大学,2020,理科,应用物理学(严济慈英才班),661
华南理工大学,2020,理科,会计学,660
华南理工大学,2020,理科,环境科学与工程类,660
华南理工大学,2020,理科,工业设计,660
华南理工大学,2020,理科,生物医学工程,660
华南理工大学,2020,理科,工商管理(全英班),659
华南理工大学,2020,理科,工商管理类,659
华南理工大学,2020,理科,轻工类,659
华南理工大学,2020,理科,土木类,659
华南理工大学,2020,理科,新闻传播学类,659
华南理工大学,2020,理科,临床医学,659
华南理工大学,2020,理科,食品科学与工程类,658
华南理工大学,2020,理科,电气工程及其自动化(3加2中澳班),657
华南理工大学,2020,理科,化工与制药类,657
华南理工大学,2020,理科,生物科学类,657
华南理工大学,2020,理科,交通运输类,657
华南理工大学,2020,文科,经济学(创新班),630
华南理工大学,2020,文科,经济学类,628
华南理工大学,2020,文科,法学(卓越法律班),627
华南理工大学,2020,文科,工商管理类,625
华南理工大学,2020,文科,法学类,624
华南理工大学,2020,文科,行政管理,623
华南理工大学,2020,文科,旅游管理类,623
华南理工大学,2020,文科,日语,623
华南理工大学,2020,文科,新闻传播学类,623
四川大学,2020,文科,汉语言文学（基地班）,630
四川大学,2020,文科,马克思主义理论,626
四川大学,2020,理科,化学类,659
四川大学,2020,理科,物理学类,662
四川大学,2020,理科,土木工程,660
四川大学,2020,理科,公共管理类,659
四川大学,2020,理科,电气工程及其自动化,663
四川大学,2020,理科,哲学,661
四川大学,2020,理科,药学,659
四川大学,2020,文科,经济学类,633
四川大学,2020,理科,土木工程,660
四川大学,2020,理科,医学技术类,662
四川大学,2020,理科,高分子材料与工程,660
四川大学,2020,理科,工商管理类,660
四川大学,2020,理科,微电子科学与工程,664
四川大学,2020,文科,旅游管理类,632
四川大学,2020,理科,工科试验班（生物质加工利用工程）,660
四川大学,2020,理科,生物科学类,661
四川大学,2020,理科,工科试验班（机械及其自动化）,662
四川大学,2020,文科,新闻传播学类,633
四川大学,2020,理科,建筑学,660
四川大学,2020,理科,生物医学工程,661
四川大学,2020,理科,电子信息类,664
四川大学,2020,理科,工科试验班(动力装备与安全),661
四川大学,2020,理科,自动化,663
四川大学,2020,理科,中国语言文学类,660
四川大学,2020,理科,工科试验班（水利、能源动力与城市地下空间）,659
四川大学,2020,理科,生物科学（计算生物学双学士学位）,660
四川大学,2020,理科,核工程与核技术,659
四川大学,2020,理科,材料类,659
四川大学,2020,文科,会计学(ACCA方向),632
四川大学,2020,文科,法学,636
四川大学,2020,理科,卫生检验与检疫,664
四川大学,2020,理科,软件工程,665
四川大学,2020,理科,计算机类,665
四川大学,2020,理科,数学类,668
四川大学,2020,理科,预防医学,670
四川大学,2020,理科,会计学(ACCA方向),664
四川大学,2020,理科,网络空间安全,666
四川大学,2020,理科,临床医学（八年制）,686
四川大学,2020,理科,经济学类,664
四川大学,2020,理科,口腔医学（五年制）,683
四川大学,2020,理科,法医学（法医学与法学双学士学位）,669
四川大学,2020,理科,数学与应用数学（数学经济学双学士学位）,665
四川大学,2020,理科,临床医学（五年制）,677
四川大学,2020,理科,金融学类,666
广西大学,2020,理科,all,618
广西大学,2020,文科,all,600
湖南大学,2020,理科,保险学,651
湖南大学,2020,理科,材料科学与工程,651
湖南大学,2020,理科,测控技术与仪器,652
湖南大学,2020,理科,城乡规划,650
湖南大学,2020,理科,电气工程及其自动化,652
湖南大学,2020,理科,电子科学与技术,653
湖南大学,2020,理科,电子商务,650
湖南大学,2020,理科,电子信息工程,652
湖南大学,2020,理科,法学,652
湖南大学,2020,理科,给排水科学与工程,651
湖南大学,2020,理科,工商管理,651
湖南大学,2020,理科,工业设计,651
湖南大学,2020,理科,国际经济与贸易,652
湖南大学,2020,理科,国际经济与贸易（实验班）,653
湖南大学,2020,理科,化学工程与工艺,651
湖南大学,2020,理科,化学类,652
湖南大学,2020,理科,环境科学与工程类,651
湖南大学,2020,理科,会计学,652
湖南大学,2020,理科,机器人工程,653
湖南大学,2020,理科,机械类,651
湖南大学,2020,理科,计算机科学与技术,656
湖南大学,2020,理科,计算机科学与技术（拔尖实验班）,659
湖南大学,2020,理科,计算机科学与技术（智能班）,655
湖南大学,2020,理科,建筑环境与能源应用工程,651
湖南大学,2020,理科,建筑学,654
湖南大学,2020,理科,金融学,653
湖南大学,2020,理科,精算学,653
湖南大学,2020,理科,经济学类,653
湖南大学,2020,理科,理科试验班,654
湖南大学,2020,理科,能源与动力工程,651
湖南大学,2020,理科,软件工程,653
湖南大学,2020,理科,生物技术,651
湖南大学,2020,理科,生物医学工程,650
湖南大学,2020,理科,数学类,653
湖南大学,2020,理科,通信工程,652
湖南大学,2020,理科,统计学类,653
湖南大学,2020,理科,土木类,650
湖南大学,2020,理科,新闻传播学类,651
湖南大学,2020,理科,信息安全,653
湖南大学,2020,理科,行政管理,651
湖南大学,2020,理科,英语,656
湖南大学,2020,理科,应用物理学,653
湖南大学,2020,理科,自动化,652
湖南大学,2020,文科,英语,624
湖南大学,2020,文科,行政管理,625
湖南大学,2020,文科,新闻传播学类,625
湖南大学,2020,文科,日语,624
湖南大学,2020,文科,人文科学试验班,624
湖南大学,2020,文科,经济学类,626
湖南大学,2020,文科,金融学,628
湖南大学,2020,文科,会计学,629
湖南大学,2020,文科,汉语言文学,625
湖南大学,2020,文科,国际经济与贸易,628
湖南大学,2020,文科,工商管理,625
湖南大学,2020,文科,法学,626
湖南师范大学,2020,理科,体育教育(中外合作办学),428
湖南师范大学,2020,理科,法学,630
湖南师范大学,2020,理科,知识产权,630
湖南师范大学,2020,理科,化学,627
湖南师范大学,2020,理科,化学工程与工艺,624
湖南师范大学,2020,理科,制药工程,624
湖南师范大学,2020,理科,数据科学与大数据技术,626
湖南师范大学,2020,理科,统计学,626
湖南师范大学,2020,理科,信息与计算科学,627
湖南师范大学,2020,理科,人工智能,627
湖南师范大学,2020,理科,计算机科学与技术,630
湖南师范大学,2020,理科,物联网工程,627
湖南师范大学,2020,理科,物理学类,624
湖南师范大学,2020,理科,电子信息科学与技术,626
湖南师范大学,2020,理科,地理科学,626
湖南师范大学,2020,理科,土地资源管理,624
湖南师范大学,2020,理科,工商管理,623
湖南师范大学,2020,理科,高校专项,571
湖南师范大学,2020,文科,体育教育(中外合作办学),451
湖南师范大学,2020,文科,心理学,611
湖南师范大学,2020,文科,法学,614
湖南师范大学,2020,文科,思想政治教育,612
湖南师范大学,2020,文科,历史学,611
湖南师范大学,2020,文科,汉语言文学,613
湖南师范大学,2020,文科,新闻学,612
湖南师范大学,2020,文科,编辑出版学,611
湖南师范大学,2020,文科,高校专项,568
福建农林大学,2020,理科,生物科学类（含生物科学、生物技术专业）,583
福建农林大学,2020,理科,园林,562
福建农林大学,2020,理科,园艺,562
福建农林大学,2020,理科,风景园林,598
福建农林大学,2020,理科,生物科学类（含生物科学、生物技术专业）,588
福建农林大学,2020,理科,食品科学与工程,566
福建农林大学,2020,文科,农业经济管理类（含农林经济管理、农村区域发展专业）,554
福建农林大学,2020,理科,茶学,528
福建农林大学,2020,理科,蜂学,535
福建农林大学,2020,理科,林学类（含林学、森林保护、水土保持与荒漠化防治专业）,537
福建农林大学,2020,理科,生态学,537
福建农林大学,2020,理科,动物科学,534
福建农林大学,2020,理科,管理科学,535
福建农林大学,2020,理科,交通工程,541
福建农林大学,2020,理科,植物保护,536
福建农林大学,2020,理科,商务经济学,544
福建农林大学,2020,理科,生物信息学,545
福建农林大学,2020,理科,水产养殖学,534
福建农林大学,2020,理科,化学工程与工艺,542
福建农林大学,2020,理科,植物科学与技术,534
福建农林大学,2020,理科,设施农业科学与工程,535
福建农林大学,2020,理科,自然地理与资源环境,534
福建农林大学,2020,文科,茶学,538
福建农林大学,2020,文科,商务经济学,548
福建农林大学,2020,理科,园艺（中加合作班）,529
福建农林大学,2020,理科,风景园林（中加合作班）,540
福建农林大学,2020,理科,农业资源与环境（中加合作班）,523
福建农林大学,2020,文科,园艺（中加合作班）,540
福建农林大学,2020,文科,风景园林（中加合作班）,545
福建农林大学,2020,文科,农业资源与环境（中加合作班）,541
西南交通大学,2020,理科,工商管理类,639
西南交通大学,2020,理科,公共事业管理,640
西南交通大学,2020,理科,经济与贸易类,640
西南交通大学,2020,文科,法学,614
西南交通大学,2020,文科,公共事业管理,613
西南交通大学,2020,理科,材料类,640
西南交通大学,2020,理科,测绘类,640
西南交通大学,2020,理科,车辆工程,642
西南交通大学,2020,理科,地质工程,639
西南交通大学,2020,理科,电气工程及其自动化,645
西南交通大学,2020,理科,电子信息工程,647
西南交通大学,2020,理科,电子信息科学与技术,644
西南交通大学,2020,理科,电子信息类,647
西南交通大学,2020,理科,飞行器设计与工程,642
西南交通大学,2020,理科,工程力学,640
西南交通大学,2020,理科,轨道交通信号与控制,646
西南交通大学,2020,理科,环境科学与工程类,640
西南交通大学,2020,理科,机械类,643
西南交通大学,2020,理科,计算机类,650
西南交通大学,2020,理科,建筑类,644
西南交通大学,2020,理科,建筑学,647
西南交通大学,2020,理科,交通运输类,650
西南交通大学,2020,理科,能源动力类,642
西南交通大学,2020,理科,人工智能,644
西南交通大学,2020,理科,生物工程,643
西南交通大学,2020,理科,生物医学工程,639
西南交通大学,2020,理科,数据科学与大数据技术,645
西南交通大学,2020,理科,数学与应用数学,643
西南交通大学,2020,理科,铁道工程,641
西南交通大学,2020,理科,通信工程,647
西南交通大学,2020,理科,统计学,641
西南交通大学,2020,理科,土木工程,639
西南交通大学,2020,理科,物流管理与工程类,639
西南交通大学,2020,理科,应用物理学,641
西南交通大学,2020,理科,应用心理学,640
西南交通大学,2020,理科,制药工程,640
西南交通大学,2020,理科,资源勘查工程,642
西南交通大学,2020,文科,汉语国际教育,611
西南交通大学,2020,文科,汉语言文学,614
西南交通大学,2020,文科,外国语言文学类,610
西南交通大学,2020,文科,新闻传播学类,612
合肥工业大学,2020,理科,风景园林,628
合肥工业大学,2020,理科,土木类（智慧城市）,628
合肥工业大学,2020,理科,工商管理,628
合肥工业大学,2020,理科,环境工程,628
合肥工业大学,2020,理科,城乡规划,628
合肥工业大学,2020,理科,市场营销,628
合肥工业大学,2020,理科,化学工程与工艺,629
合肥工业大学,2020,理科,应用化学,629
合肥工业大学,2020,理科,统计学,629
合肥工业大学,2020,理科,工业设计,629
合肥工业大学,2020,理科,食品科学与工程类,629
合肥工业大学,2020,理科,工业工程,629
合肥工业大学,2020,理科,材料物理,629
合肥工业大学,2020,理科,地质类,629
合肥工业大学,2020,理科,材料成型及控制工程,630
合肥工业大学,2020,理科,高分子材料与工程,630
合肥工业大学,2020,理科,交通运输,630
合肥工业大学,2020,理科,车辆工程,631
合肥工业大学,2020,理科,应用物理学,631
合肥工业大学,2020,理科,交通工程,631
合肥工业大学,2020,理科,仪器类（智能感知）,631
合肥工业大学,2020,理科,材料类（先进材料与智能制造）,631
合肥工业大学,2020,理科,机械类（智能制造）,632
合肥工业大学,2020,理科,能源与动力工程,632
合肥工业大学,2020,理科,金融工程,632
合肥工业大学,2020,理科,会计学,632
合肥工业大学,2020,理科,地质学,632
合肥工业大学,2020,理科,经济学,633
合肥工业大学,2020,理科,信息与计算科学,633
合肥工业大学,2020,理科,建筑学,633
合肥工业大学,2020,理科,地理信息科学,633
合肥工业大学,2020,理科,机器人工程,634
合肥工业大学,2020,理科,数学与应用数学,634
合肥工业大学,2020,理科,信息管理与信息系统,634
合肥工业大学,2020,理科,新能源科学与工程,634
合肥工业大学,2020,理科,电子科学与技术,635
合肥工业大学,2020,理科,微电子科学与工程,635
合肥工业大学,2020,理科,自动化,637
合肥工业大学,2020,理科,智能电网信息工程,637
合肥工业大学,2020,理科,电气工程及其自动化,638
合肥工业大学,2020,理科,大数据管理与应用,638
合肥工业大学,2020,理科,电子信息工程,639
合肥工业大学,2020,理科,通信工程,642
合肥工业大学,2020,理科,计算机科学与技术,644
合肥工业大学,2020,理科,智能科学与技术,644
合肥工业大学,2020,文科,思想政治教育,601
合肥工业大学,2020,文科,英语,601
合肥工业大学,2020,文科,印度尼西亚语,601
合肥工业大学,2020,文科,法学,604
厦门大学,2020,理科,统计学类,666
厦门大学,2020,理科,经济学类,665
厦门大学,2020,理科,数学类,665
厦门大学,2020,理科,物理学类,665
厦门大学,2020,理科,生物科学类,664
厦门大学,2020,理科,计算机类,664
厦门大学,2020,理科,数据科学与大数据技术,664
厦门大学,2020,理科,法学类,663
厦门大学,2020,理科,电子信息类,663
厦门大学,2020,理科,软件工程,663
厦门大学,2020,理科,建筑类,663
厦门大学,2020,理科,工商管理类,663
厦门大学,2020,理科,会计学,663
厦门大学,2020,理科,外国语言文学类,662
厦门大学,2020,理科,化学类,662
厦门大学,2020,理科,材料类,662
厦门大学,2020,理科,新能源科学与工程,662
厦门大学,2020,理科,土木类,662
厦门大学,2020,理科,环境科学与工程类,662
厦门大学,2020,理科,管理科学与工程类,662
厦门大学,2020,理科,建筑类（学制五年）,663
厦门大学,2020,理科,工商管理类,663
厦门大学,2020,文科,会计学（含会计、财务）,663
厦门大学,2020,文科,外国语言文学类（外国语言文学加会计或财务）,662
厦门大学,2020,文科,化学类,662
厦门大学,2020,文科,材料类,662
厦门大学,2020,文科,新能源科学与工程,662
厦门大学,2020,文科,土木类,662
厦门大学,2020,文科,环境科学与工程类,662
厦门大学,2020,文科,管理科学与工程类,662
福州大学,2020,理科,计算机类,641
福州大学,2020,理科,电气工程及其自动化,637
福州大学,2020,理科,化学,637
福州大学,2020,理科,电子科学与技术,637
福州大学,2020,理科,人文地理与城乡规划,636
福州大学,2020,理科,高分子材料与工程,635
福州大学,2020,理科,信息安全,635
福州大学,2020,理科,电子商务,635
福州大学,2020,理科,金融学,634
福州大学,2020,理科,地质工程,634
福州大学,2020,理科,信息管理与信息系统,634
福州大学,2020,理科,数字媒体技术,633
福州大学,2020,理科,车辆工程,632
福州大学,2020,理科,材料成型及控制工程,632
福州大学,2020,理科,土木工程,632
福州大学,2020,理科,油气储运工程,632
福州大学,2020,理科,过程装备与控制工程,631
福州大学,2020,理科,机器人工程,631
福州大学,2020,理科,智能建造,631
福州大学,2020,理科,交通运输类,630
福州大学,2020,理科,英语,629
福州大学,2020,理科,生物医学工程,628
福州大学,2020,理科,食品科学与工程,628
福州大学,2020,理科,材料科学与工程,627
福州大学,2020,理科,化学工程与工艺,627
福州大学,2020,理科,微电子科学与工程,627
福州大学,2020,理科,城乡规划,627
福州大学,2020,理科,工程管理,627
福州大学,2020,文科,法学,612
福州大学,2020,文科,财政学,611
福州大学,2020,文科,汉语言文学,610
福州大学,2020,文科,公共管理类,610
福州大学,2020,文科,日语,610
南昌大学,2020,理科,临床医学,634
南昌大学,2020,理科,电气工程及其自动化,633
南昌大学,2020,理科,电气工程及其自动化,633
南昌大学,2020,理科,人工智能,632
南昌大学,2020,理科,口腔医学,632
南昌大学,2020,理科,电子信息类,631
南昌大学,2020,理科,计算机类,630
南昌大学,2020,理科,机械设计制造及其自动化,629
南昌大学,2020,理科,自动化,628
南昌大学,2020,理科,医学影像学,628
南昌大学,2020,理科,会计学,626
南昌大学,2020,理科,数学类,626
南昌大学,2020,理科,金融数学,625
南昌大学,2020,理科,计算机类,625
南昌大学,2020,理科,儿科学,625
南昌大学,2020,理科,材料成型及控制工程,624
南昌大学,2020,理科,工程力学,624
南昌大学,2020,理科,化学类,624
南昌大学,2020,理科,工业设计,624
南昌大学,2020,理科,能源与动力工程,624
南昌大学,2020,理科,食品科学与工程类,624
南昌大学,2020,理科,药学,624
南昌大学,2020,理科,过程装备与控制工程,623
南昌大学,2020,理科,物理学类,623
南昌大学,2020,理科,生物科学类,623
南昌大学,2020,理科,材料类,623
南昌大学,2020,理科,土木类,623
南昌大学,2020,理科,水利水电工程,623
南昌大学,2020,理科,环境科学与工程类,623
南昌大学,2020,理科,建筑类,623
南昌大学,2020,理科,麻醉学,623
南昌大学,2020,理科,智能医学工程,623
南昌大学,2020,理科,护理学,623
南昌大学,2020,理科,管理科学与工程类,623
南昌大学,2020,理科,旅游管理类,623
南昌大学,2020,理科,测控技术与仪器,622
南昌大学,2020,理科,化工与制药类,622
南昌大学,2020,理科,临床医学类,617
南昌大学,2020,文科,经济学,610
南昌大学,2020,文科,法学类（包含专业：法学、知识产权）,609
南昌大学,2020,文科,工商管理,607
南昌大学,2020,文科,会计学（国际会计师）,607
南昌大学,2020,文科,工商管理（中法实验班）,607
南昌大学,2020,文科,历史学,605
南昌大学,2020,文科,公共关系学,605
南昌大学,2020,文科,中国语言文学类（包含专业：汉语言文学、汉语国际教育）,605
南昌大学,2020,文科,新闻传播学类（包含专业：新闻学、广播电视学、广告学）,605
南昌大学,2020,文科,公共管理类（包含专业：行政管理、人力资源管理）,605
山东大学,2020,理科,土木类,653
山东大学,2020,理科,化学类,655
山东大学,2020,理科,生物科学类,655
山东大学,2020,理科,管理科学与工程类,655
山东大学,2020,理科,工商管理类,656
山东大学,2020,理科,电子信息类（微电子与电路集成方向）,656
山东大学,2020,理科,机械类,656
山东大学,2020,理科,环境科学与工程类,656
山东大学,2020,理科,材料类,656
山东大学,2020,理科,能源动力类,656
山东大学,2020,理科,建筑学（五年制）,656
山东大学,2020,理科,计算机类（软件数媒与大数据方向）,657
山东大学,2020,理科,电气工程及其自动化,657
山东大学,2020,理科,自动化类,657
山东大学,2020,理科,物理学类,658
山东大学,2020,理科,网络空间安全,658
山东大学,2020,理科,电子信息类（通信电子与光电方向）,659
山东大学,2020,理科,药学类,659
山东大学,2020,理科,预防医学（五年制）,662
山东大学,2020,理科,计算机类（计算机与智能方向）,662
山东大学,2020,理科,智能医学工程,662
山东大学,2020,理科,经济学类,663
山东大学,2020,理科,数学类,664
山东大学,2020,理科,法学类,664
山东大学,2020,理科,临床医学（五年制）,665
山东大学,2020,理科,口腔医学（五年制）,667
山东大学,2020,理科,口腔医学（5+3一体化）,668
山东大学,2020,理科,临床医学（5+3一体化）,669
山东大学,2020,文科,哲学类,623
山东大学,2020,文科,外国语言文学类,626
山东大学,2020,文科,公共管理类,627
山东大学,2020,文科,历史学类,627
山东大学,2020,文科,社会学类,627
山东大学,2020,文科,工商管理类,628
山东大学,2020,文科,新闻传播学类,628
山东大学,2020,文科,法学类,629
山东大学,2020,文科,中国语言文学类,629
山东大学,2020,文科,政治学类,629
山东大学,2020,文科,经济学类,632
中国石油大学,2020,理科,市场营销,618
中国石油大学,2020,理科,应用化学,623
中国石油大学,2020,理科,环保设备工程,623
中国石油大学,2020,理科,工业设计,623
中国石油大学,2020,理科,地球物理学,623
中国石油大学,2020,理科,资源勘查工程,623
中国石油大学,2020,理科,化学,623
中国石油大学,2020,理科,环境工程,623
中国石油大学,2020,理科,安全工程,623
中国石油大学,2020,理科,建筑环境与能源应用工程,623
中国石油大学,2020,理科,能源与动力工程,624
中国石油大学,2020,理科,化学工程与工艺,624
中国石油大学,2020,理科,石油工程,624
中国石油大学,2020,理科,海洋油气工程,624
中国石油大学,2020,理科,地质学,624
中国石油大学,2020,理科,过程装备与控制工程,624
中国石油大学,2020,理科,应用物理学,624
中国石油大学,2020,理科,化工安全工程,624
中国石油大学,2020,理科,勘查技术与工程（物探方向）,624
中国石油大学,2020,理科,工程力学,624
中国石油大学,2020,理科,能源化学工程,624
中国石油大学,2020,理科,土木工程,624
中国石油大学,2020,理科,材料成型及控制工程,624
中国石油大学,2020,理科,测绘工程,624
中国石油大学,2020,理科,材料物理,624
中国石油大学,2020,理科,地理信息科学,624
中国石油大学,2020,理科,勘查技术与工程（测井方向）,624
中国石油大学,2020,理科,新能源材料与器件,625
中国石油大学,2020,理科,材料科学与工程,625
中国石油大学,2020,理科,船舶与海洋工程,625
中国石油大学,2020,理科,测控技术与仪器,625
中国石油大学,2020,理科,材料化学,625
中国石油大学,2020,理科,管理科学与工程类,625
中国石油大学,2020,理科,建筑学,626
中国石油大学,2020,理科,新能源科学与工程,626
中国石油大学,2020,理科,油气储运工程,627
中国石油大学,2020,理科,机械类,627
中国石油大学,2020,理科,法学,627
中国石油大学,2020,理科,英语,627
中国石油大学,2020,理科,数学类,628
中国石油大学,2020,理科,光电信息科学与工程,628
中国石油大学,2020,理科,电气工程及其自动化,629
中国石油大学,2020,理科,电子信息工程,629
中国石油大学,2020,理科,自动化,630
中国石油大学,2020,理科,通信工程,630
中国石油大学,2020,理科,智能科学与技术,630
中国石油大学,2020,理科,数据科学与大数据技术,631
中国石油大学,2020,理科,软件工程,631
中国石油大学,2020,理科,经济学,631
中国石油大学,2020,理科,计算机科学与技术,632
中国石油大学,2020,理科,物联网工程,633
中国石油大学,2020,理科,会计学,634
中国石油大学,2020,文科,汉语言文学,604
中国石油大学,2020,文科,俄语,604
中国石油大学,2020,文科,市场营销,604
中国石油大学,2020,文科,英语,605
中国石油大学,2020,文科,法学,605
中国石油大学,2020,文科,经济学,606
中国石油大学,2020,文科,会计学,607
武汉大学,2020,理科,口腔医学,684
武汉大学,2020,理科,金融学类,683
武汉大学,2020,理科,口腔医学,683
武汉大学,2020,理科,工科试验班,681
武汉大学,2020,理科,理科试验班,680
武汉大学,2020,理科,数学类,676
武汉大学,2020,理科,经济学类,674
武汉大学,2020,理科,临床医学,674
武汉大学,2020,理科,计算机类,673
武汉大学,2020,理科,计算机类,671
武汉大学,2020,理科,心理学,670
武汉大学,2020,理科,临床医学,670
武汉大学,2020,理科,地球物理学,669
武汉大学,2020,理科,电子信息类,669
武汉大学,2020,理科,遥感科学与技术,669
武汉大学,2020,理科,临床医学类,669
武汉大学,2020,理科,工商管理类,668
武汉大学,2020,理科,社会科学试验班,667
武汉大学,2020,理科,物理学类,667
武汉大学,2020,理科,生物科学类,667
武汉大学,2020,理科,建筑类,667
武汉大学,2020,理科,工科试验班,666
武汉大学,2020,理科,工科试验班,666
武汉大学,2020,理科,理科试验班,666
武汉大学,2020,理科,化学类,666
武汉大学,2020,理科,测绘类,666
武汉大学,2020,理科,药学类,666
武汉大学,2020,理科,公共卫生与预防医学类,653
武汉大学,2020,理科,护理学,622
武汉大学,2020,文科,法学,646
武汉大学,2020,文科,人文科学试验班,644
武汉大学,2020,文科,经济学类,644
武汉大学,2020,文科,新闻传播学类,642
武汉大学,2020,文科,政治学类,640
武汉大学,2020,文科,工商管理类,640
武汉大学,2020,文科,社会科学试验班,639
武汉大学,2020,文科,社会学类,639
武汉大学,2020,文科,中国语言文学类,639
武汉大学,2020,文科,外国语言文学类,639
武汉大学,2020,文科,历史学类,639
武汉大学,2020,文科,公共卫生与预防医学类,623
武汉大学,2020,文科,护理学,612
华中科技大学,2020,理科,数学类,674
华中科技大学,2020,理科,物理学(严济慈物理学英才班),677
华中科技大学,2020,理科,物理学类,671
华中科技大学,2020,理科,化学类,669
华中科技大学,2020,理科,机械设计制造及其自动化(机械卓越计划实验班),678
华中科技大学,2020,理科,机械设计制造及其自动化(启明本硕博实验班),675
华中科技大学,2020,理科,机械类(先进制造试验班),670
华中科技大学,2020,理科,材料成型及控制工程(材料卓越计划实验班),672
华中科技大学,2020,理科,能源与动力工程(能源卓越计划实验班),673
华中科技大学,2020,理科,网络空间安全(启明本硕博实验班),678
华中科技大学,2020,理科,电气工程及其自动化(电气卓越计划实验班),681
华中科技大学,2020,理科,电气工程及其自动化(启明本硕博实验班),683
华中科技大学,2020,理科,电气工程及其自动化,675
华中科技大学,2020,理科,生物科学类(国家理科基地及新兴产业试验班),670
华中科技大学,2020,理科,生物医学工程(国家级一流专业及卓越计划实验班),671
华中科技大学,2020,理科,生物医学工程类(国家生命科学与技术人才试验班),670
华中科技大学,2020,理科,电子信息工程(电信卓越计划实验班),682
华中科技大学,2020,理科,电子信息类(电信学院),674
华中科技大学,2020,理科,光电信息科学与工程(光电卓越计划实验班),681
华中科技大学,2020,理科,光电信息科学与工程(王大珩光电创新实验班),684
华中科技大学,2020,理科,电子信息类(启明本硕博实验班),682
华中科技大学,2020,理科,电子信息类(光电学院),674
华中科技大学,2020,理科,人工智能(创新实验班),683
华中科技大学,2020,理科,人工智能(启明本硕博实验班),680
华中科技大学,2020,理科,自动化类(AI试验班),674
华中科技大学,2020,理科,计算机科学与技术(计算机卓越计划实验班),686
华中科技大学,2020,理科,计算机科学与技术(启明本硕博实验班),686
华中科技大学,2020,理科,计算机类(计算机学院),679
华中科技大学,2020,理科,计算机类(网安、软件学院),676
华中科技大学,2020,理科,建筑类(智慧建筑规划试验班),671
华中科技大学,2020,理科,土木类(智能化建造试验班),669
华中科技大学,2020,理科,环境科学与工程类(智慧环境试验班),669
华中科技大学,2020,理科,管理科学与工程类(大数据管理与供应链优化试验班),669
华中科技大学,2020,理科,经济学类,670
华中科技大学,2020,理科,公共管理类(公管、医管学院),670
华中科技大学,2020,理科,传播学(网络传播、计算机双学位),673
华中科技大学,2020,理科,临床医学(启明本硕博实验班),687
华中科技大学,2020,理科,临床医学(本硕博贯通培养),688
华中科技大学,2020,理科,临床医学类,676
华中科技大学,2020,理科,预防医学(启明本硕博实验班),670
华中科技大学,2020,理科,药学(启明本硕博实验班),673
华中科技大学,2020,文科,建筑类(智慧建筑规划试验班),630
华中科技大学,2020,文科,工商管理类,632
华中科技大学,2020,文科,国际商务(英语二学位),631
华中科技大学,2020,文科,中国语言文学类,631
华中科技大学,2020,文科,法学,631
华中科技大学,2020,文科,社会学类,630
华中科技大学,2020,文科,公共管理类(公管、医管学院),630
华中科技大学,2020,文科,新闻传播学类,632
浙江工业大学,2020,理科,计算机类,625
浙江工业大学,2020,理科,电气类,622
浙江工业大学,2020,理科,电气类,622
浙江工业大学,2020,理科,机器人工程,621
浙江工业大学,2020,理科,物理学类,620
浙江工业大学,2020,理科,材料类,620
浙江工业大学,2020,理科,数学类,619
浙江工业大学,2020,理科,机械类,616
浙江工业大学,2020,理科,管理科学与工程类,615
浙江工业大学,2020,理科,化工与制药类,614
浙江工业大学,2020,理科,药学类,614
浙江工业大学,2020,理科,土木类,613
浙江工业大学,2020,理科,食品科学与工程类,613
浙江工业大学,2020,理科,生物工程类,612
浙江工业大学,2020,文科,建筑类(智慧建筑规划试验班),630
浙江工业大学,2020,文科,工商管理类,632
浙江工业大学,2020,文科,国际商务(英语二学位),631
浙江工业大学,2020,文科,中国语言文学类,631
浙江工业大学,2020,文科,法学,631
浙江工业大学,2020,文科,社会学类,630
浙江工业大学,2020,文科,公共管理类(公管、医管学院),630
浙江工业大学,2020,文科,新闻传播学类,632
湖北大学,2020,理科,法学,613
湖北大学,2020,理科,计算机类,613
湖北大学,2020,理科,工商管理类,613
湖北大学,2020,理科,经济学,612
湖北大学,2020,理科,金融学,612
湖北大学,2020,理科,电子信息类,612
湖北大学,2020,理科,数学类,611
湖北大学,2020,理科,物理学,611
湖北大学,2020,理科,国际事务与国际关系,610
湖北大学,2020,理科,应用统计学,610
湖北大学,2020,理科,材料类,610
湖北大学,2020,理科,国际经济与贸易,609
湖北大学,2020,理科,思想政治教育,609
湖北大学,2020,理科,心理学,609
湖北大学,2020,理科,化工与制药类,609
湖北大学,2020,理科,药学,609
湖北大学,2020,理科,管理科学与工程类,609
湖北大学,2020,理科,教育学类,608
湖北大学,2020,理科,葡萄牙语,608
湖北大学,2020,理科,葡萄牙语,608
湖北大学,2020,理科,化学类,608
湖北大学,2020,理科,地理科学类,608
湖北大学,2020,理科,生物科学类,607
湖北大学,2020,理科,环境工程,607
湖北大学,2020,理科,生物工程,607
湖北大学,2020,理科,档案学,607
湖北大学,2020,文科,中国语言文学类（包含专业：汉语言文学、汉语国际教育、编辑出版学；办学地点：阳逻校区）,597
湖北大学,2020,文科,教育学类（包含专业：教育技术学、教育学；办学地点：阳逻校区）,595
湖北大学,2020,文科,新闻传播学类（包含专业：新闻学、广播电视学、广告学、传播学；办学地点：阳逻校区）,594
湖北大学,2020,文科,外国语言文学类（包含专业：英语、翻译；只招英语语种考生）,593
湖北大学,2020,文科,旅游管理（办学地点：阳逻校区）,593
湖北大学,2020,文科,日语,592
湖北大学,2020,文科,哲学（办学地点：阳逻校区）,592
湖北大学,2020,文科,历史学类（包含专业：历史学、文物与博物馆学；办学地点：阳逻校区）,592
湖北大学,2020,文科,公共管理类（包含专业：公共事业管理、行政管理；办学地点：阳逻校区）,590
华中师范大学,2020,理科,物理学类（5850元/年；包含专业物理学、核物理、物理学（物理学化学交叉班）、物理学（数学物理学直博班））,652
华中师范大学,2020,理科,数学类（5850元/年；包含专业数学与应用数学、数学与应用数学（数学经济学交叉培养班）、数学与应用数学（数学物理直博班））,650
华中师范大学,2020,理科,化学类（5850元/年；包含专业化学、应用化学、化学（化学生物交叉班）、化学（化学物理学交叉班）、化学（英才直博班））,646
华中师范大学,2020,理科,统计学（5850元/年）,646
华中师范大学,2020,理科,教育学类（4500元/年；包含专业教育学、学前教育、特殊教育）,645
华中师范大学,2020,理科,地理科学类（4500元/年；包含专业人文地理与城乡规划、自然地理与资源环境、地理信息科学、地理科学）,645
华中师范大学,2020,理科,生物科学类（4500元/年；包含专业生物技术、生物科学、生物科学（化学生物交叉班））,645
华中师范大学,2020,理科,数字媒体技术（5850元/年）,644
华中师范大学,2020,理科,数据科学与大数据技术（5850元/年）,643
华中师范大学,2020,理科,电子信息类（5850元/年；包含专业电子信息科学与技术、通信工程、电子信息工程）,643
华中师范大学,2020,理科,计算机类（5850元/年；包含专业计算机科学与技术、软件工程、物联网工程、信息安全）,643
华中师范大学,2020,理科,经济学类（4500元/年；包含专业经济学、国际经济与贸易、金融工程、房地产开发与管理、工商管理、人力资源管理、财务会计教育、经济学（法学经济学交叉班）、经济学（数学经济学交叉班））,641
华中师范大学,2020,理科,法学类（5850元/年；包含专业法学、法学（法学经济学交叉班））,640
华中师范大学,2020,理科,社会学类（4500元/年；包含专业社会工作、社会学）,640
华中师范大学,2020,理科,新闻传播学类（5850元/年；包含专业新闻学、广播电视学、网络与新媒体）,640
华中师范大学,2020,理科,公共管理类（4500元/年；包含专业行政管理、劳动与社会保障、土地资源管理）,640
华中师范大学,2020,理科,电子商务（5850元/年）,639
华中师范大学,2020,理科,信息资源管理（5850元/年）,639
华中师范大学,2020,理科,人工智能（5850元/年）,639
华中师范大学,2020,理科,西班牙语（4500元/年；只招英语、西班牙语语种考生）,639
华中师范大学,2020,理科,管理科学与工程类（5850元/年；包含专业信息管理与信息系统、大数据管理与应用）,639
华中师范大学,2020,理科,俄语（4500元/年；只招俄语、英语语种考生）,620
华中师范大学,2020,文科,中国语言文学类（包含专业：汉语言文学、汉语言、汉语国际教育、汉语言文学（基地班）、汉语言文学（试验班））,625
华中师范大学,2020,文科,地理科学类（包含专业：人文地理与城乡规划、自然地理与资源环境、地理信息科学、地理科学）,621
华中师范大学,2020,文科,历史学类（包含专业：历史学（基地班）、历史学）,621
华中师范大学,2020,文科,翻译（只招英语语种考生）,621
华中师范大学,2020,文科,教育学类（包含专业：教育学、学前教育、特殊教育）,620
华中师范大学,2020,文科,政治学类（包含专业：政治学与行政学、国际政治）,619
华中师范大学,2020,文科,朝鲜语（韩语）（只招英语语种考生）,619
华中师范大学,2020,文科,公共管理类（包含专业：行政管理、劳动与社会保障、土地资源管理）,619
华中师范大学,2020,文科,法学类（包含专业：法学、法学（法学经济学交叉班））,618
华中师范大学,2020,文科,新闻传播学类（包含专业：新闻学、广播电视学、网络与新媒体）,618
华中师范大学,2020,文科,西班牙语（只招英语、西班牙语语种考生）,618
华中师范大学,2020,文科,经济学类（包含专业：经济学、国际经济与贸易、工商管理、人力资源管理、财务会计教育、经济学（法学经济学交叉班））,618
华中师范大学,2020,文科,旅游管理,617
华中师范大学,2020,文科,社会学类（包含专业：社会工作、社会学）,617
华中农业大学,2020,理科,生物科学类,631
华中农业大学,2020,理科,风景园林,629
华中农业大学,2020,理科,生物信息学,626
华中农业大学,2020,理科,计算机科学与技术,626
华中农业大学,2020,理科,数据科学与大数据技术,626
华中农业大学,2020,理科,生物工程,625
华中农业大学,2020,理科,经济学类,625
华中农业大学,2020,理科,法学,623
华中农业大学,2020,理科,信息与计算科学,623
华中农业大学,2020,理科,光电信息科学与工程,623
华中农业大学,2020,理科,动物医学（学制五年）,623
华中农业大学,2020,理科,外国语言文学类,622
华中农业大学,2020,理科,应用化学,621
华中农业大学,2020,理科,机械类,621
华中农业大学,2020,理科,机械类,621
华中农业大学,2020,理科,工商管理类,621
华中农业大学,2020,理科,智慧农业,620
华中农业大学,2020,理科,环境科学与工程类,620
华中农业大学,2020,理科,广告学,619
华中农业大学,2020,理科,管理科学与工程类,619
华中农业大学,2020,理科,茶学,618
华中农业大学,2020,理科,园艺,617
华中农业大学,2020,理科,地理信息科学,617
华中农业大学,2020,理科,农业工程类,617
华中农业大学,2020,理科,食品科学与工程类,617
华中农业大学,2020,理科,公共管理类,617
华中农业大学,2020,理科,园林,616
华中农业大学,2020,理科,设施农业科学与工程,616
华中农业大学,2020,理科,社会学类,616
华中农业大学,2020,理科,林学,615
华中农业大学,2020,理科,动物科学,615
华中农业大学,2020,理科,植物生产类,615
华中农业大学,2020,理科,水产类,615
华中农业大学,2020,理科,市场营销,599
华中农业大学,2020,文科,经济学类,612
华中农业大学,2020,文科,社会学类,607
华中农业大学,2020,文科,广告学,606
华中农业大学,2020,文科,工商管理类,605
华中农业大学,2020,文科,公共管理类,604
华中农业大学,2020,文科,外国语言文学类,603
华中农业大学,2020,文科,市场营销,557
贵州大学,2020,理科,计算机类,625
贵州大学,2020,理科,机械设计制造及其自动化,623
贵州大学,2020,理科,电子信息类,623
贵州大学,2020,理科,电气类,622
贵州大学,2020,理科,电气类,622
贵州大学,2020,理科,土木类,621
贵州大学,2020,理科,测绘工程,621
贵州大学,2020,理科,材料类,620
贵州大学,2020,理科,冶金工程,620
贵州大学,2020,理科,农业机械化及其自动化,620
贵州大学,2020,理科,安全工程,620
贵州大学,2020,理科,生物科学类,619
贵州大学,2020,理科,地质类,619
贵州大学,2020,理科,食品科学与工程类,619
贵州大学,2020,理科,植物生产类,619
贵州大学,2020,理科,农业资源与环境,619
贵州大学,2020,理科,林学类,619
贵州大学,2020,理科,工程管理,619
贵州大学,2020,理科,金融学,576
贵州大学,2020,理科,英语,575
贵州大学,2020,理科,旅游管理,571
贵州大学,2020,文科,法学,605
贵州大学,2020,文科,工商管理类,603
贵州大学,2020,文科,英语,602
贵州大学,2020,文科,经济与贸易类,602
贵州大学,2020,文科,汉语言文学,602
贵州大学,2020,文科,财政学类,602
贵州大学,2020,文科,日语,601
贵州大学,2020,文科,旅游管理,570
贵州大学,2020,文科,金融学,567
贵州大学,2020,文科,英语,566
杭州科技大学,2020,理科,计算机类,636
杭州科技大学,2020,理科,信息安全,635
杭州科技大学,2020,理科,数学类,635
杭州科技大学,2020,理科,智能制造工程,634
杭州科技大学,2020,理科,通信工程,632
杭州科技大学,2020,理科,电子信息类,632
杭州科技大学,2020,理科,光电信息科学与工程,630
杭州科技大学,2020,理科,传播学,629
杭州科技大学,2020,理科,测控技术与仪器,629
杭州科技大学,2020,理科,自动化,629
杭州科技大学,2020,理科,电气工程及其自动化,629
杭州科技大学,2020,理科,医学信息工程,629
杭州科技大学,2020,理科,材料科学与工程,629
杭州科技大学,2020,理科,机械类,628
杭州科技大学,2020,理科,工业工程,626
杭州科技大学,2020,理科,计算机科学与技术（中外合作办学）,623
杭州科技大学,2020,理科,自动化（中外合作办学）,621
华侨大学,2020,文科,财务管理,594
华侨大学,2020,文科,法学,594
华侨大学,2020,文科,工商管理类,594
华侨大学,2020,文科,公共管理类,563
华侨大学,2020,文科,汉语国际教育,564
华侨大学,2020,文科,经济学类,596
华侨大学,2020,文科,社会学,557
华侨大学,2020,文科,新闻传播学类,582
华侨大学,2020,文科,英语,588
华侨大学,2020,文科,中国语言文学类,593
华侨大学,2020,理科,车辆工程,595
华侨大学,2020,理科,城乡规划,598
华侨大学,2020,理科,电气工程及其自动化,599
华侨大学,2020,理科,电子信息类,602
华侨大学,2020,理科,高分子材料与工程(拔尖人才试点班),599
华侨大学,2020,理科,给排水科学与工程,594
华侨大学,2020,理科,工商管理类,595
华侨大学,2020,理科,工业设计,597
华侨大学,2020,理科,国际商务(全英文教学),605
华侨大学,2020,理科,化工与制药类,594
华侨大学,2020,理科,环境科学与工程类,594
华侨大学,2020,理科,机械工程,595
华侨大学,2020,理科,计算机类,605
华侨大学,2020,理科,建筑学,614
华侨大学,2020,理科,金融学,607
华侨大学,2020,理科,经济学类,598
华侨大学,2020,理科,临床医学,606
华侨大学,2020,理科,人工智能,606
华侨大学,2020,理科,软件工程,610
华侨大学,2020,理科,生物工程,593
兰州大学,2020,理科,材料类,644
兰州大学,2020,理科,草业科学(基地班),644
兰州大学,2020,理科,哲学,643
兰州大学,2020,理科,预防医学,643
兰州大学,2020,理科,应用物理学(原子核物理方向),648
兰州大学,2020,理科,应用化学(放射化学方向),643
兰州大学,2020,理科,医学检验技术,643
兰州大学,2020,理科,药学,643
兰州大学,2020,理科,理学类,646
兰州大学,2020,理科,土木工程,647
兰州大学,2020,理科,水利类,644
兰州大学,2020,理科,大气科学类,644
兰州大学,2020,理科,地理科学类,644
兰州大学,2020,理科,地质学类,644
兰州大学,2020,理科,电子信息类,648
兰州大学,2020,理科,辐射防护与核安全,643
兰州大学,2020,理科,工商管理类,644
兰州大学,2020,理科,核化工与核燃料工程,643
兰州大学,2020,理科,化学类,644
兰州大学,2020,理科,环境科学与工程类,644
兰州大学,2020,理科,基础医学,644
兰州大学,2020,理科,计算机类,648
兰州大学,2020,理科,经济学类,647
兰州大学,2020,理科,口腔医学,645
兰州大学,2020,理科,理论与应用力学(基地班),645
兰州大学,2020,理科,临床药学,644
兰州大学,2020,理科,临床医学类,645
兰州大学,2020,理科,生物科学类,644
兰州大学,2020,理科,数学类,648
兰州大学,2020,文科,工商管理类,620
兰州大学,2020,文科,英语,619
兰州大学,2020,文科,经济学类,619
兰州大学,2020,文科,法学,620
兰州大学,2020,文科,政治学类,618
兰州大学,2020,文科,历史学类,619
兰州大学,2020,文科,新闻传播学类,618
兰州大学,2020,文科,汉语言文学,620
兰州大学,2020,文科,广告学,618
兰州大学,2020,文科,俄语,618
青岛大学,2020,理科,经济学类,618
青岛大学,2020,理科,计算机类,611
青岛大学,2020,理科,药学,610
青岛大学,2020,理科,法语,609
青岛大学,2020,理科,机械工程,609
青岛大学,2020,理科,生物技术,608
青岛大学,2020,理科,西班牙语,608
青岛大学,2020,理科,临床医学,607
青岛大学,2020,理科,自动化,606
青岛大学,2020,理科,电子信息类,606
青岛大学,2020,理科,电气工程及其自动化,605
青岛大学,2020,理科,光电信息科学与工程,605
青岛大学,2020,理科,食品科学与工程,605
青岛大学,2020,理科,信息管理与信息系统,605
青岛大学,2020,理科,物流管理,605
青岛大学,2020,理科,应用物理学,604
青岛大学,2020,理科,数学类,603
青岛大学,2020,理科,应用心理学,603
青岛大学,2020,理科,化学工程与工艺,603
青岛大学,2020,理科,材料类,602
青岛大学,2020,理科,能源与动力工程,602
青岛大学,2020,理科,能源与动力工程,602
青岛大学,2020,理科,新能源科学与工程,602
青岛大学,2020,理科,预防医学,602
青岛大学,2020,理科,应用化学,601
青岛大学,2020,理科,护理学,601
青岛大学,2020,理科,标准化工程,601
青岛大学,2020,理科,微电子科学与工程,601
青岛大学,2020,理科,纺织类,600
青岛大学,2020,理科,轻化工程,600
青岛大学,2020,理科,工商管理,600
青岛大学,2020,理科,环境科学与工程,599
青岛大学,2020,文科,汉语言文学,600
青岛大学,2020,文科,新闻学,596
青岛大学,2020,文科,法学,594
青岛大学,2020,文科,法语,594
青岛大学,2020,文科,金融学,594
四川农业大学,2020,理科,风景园林（成都校区）,619
四川农业大学,2020,理科,计算机科学与技术（雅安校区）,618
四川农业大学,2020,理科,电子科学与技术（雅安校区）,616
四川农业大学,2020,理科,人文地理与城乡规划（成都校区）,615
四川农业大学,2020,理科,物联网工程（雅安校区）,615
四川农业大学,2020,理科,园林（成都校区）,615
四川农业大学,2020,理科,信息管理与信息系统（雅安校区）,615
四川农业大学,2020,理科,工商管理（成都校区）,615
四川农业大学,2020,理科,电气工程及其自动化（雅安校区）,614
四川农业大学,2020,理科,信息与计算科学（雅安校区）,613
四川农业大学,2020,理科,土木工程（江堰校区）,613
四川农业大学,2020,理科,园艺（成都校区）,613
四川农业大学,2020,理科,应用化学（雅安校区）,612
四川农业大学,2020,理科,地理信息科学（成都校区）,612
四川农业大学,2020,理科,农业机械化及其自动化（雅安校区）,612
四川农业大学,2020,理科,农业机械化及其自动化（雅安校区）,612
四川农业大学,2020,理科,农学（成都校区）,612
四川农业大学,2020,理科,动物医学（成都校区）,612
四川农业大学,2020,理科,农林经济管理（成都校区）,612
四川农业大学,2020,理科,广告学（雅安校区）,611
四川农业大学,2020,理科,"广告学（雅安校区）	",611
四川农业大学,2020,理科,植物保护（成都校区）,611
四川农业大学,2020,理科,动物科学（成都校区）,611
四川农业大学,2020,理科,动物科学（成都校区）,611
四川农业大学,2020,理科,药学（成都校区）,611
四川农业大学,2020,理科,生物科学（雅安校区）,610
四川农业大学,2020,理科,水利水电工程（雅安校区）,610
四川农业大学,2020,理科,设施农业科学与工程（成都校区）,610
四川农业大学,2020,理科,茶学（成都校区）,610
四川农业大学,2020,理科,英语（雅安校区）,609
四川农业大学,2020,理科,农业水利工程（雅安校区）,609
四川农业大学,2020,理科,木材科学与工程（成都校区）,609
四川农业大学,2020,理科,环境生态工程（成都校区）,609
四川农业大学,2020,理科,食品科学与工程（雅安校区）,609
四川农业大学,2020,理科,食品质量与安全（雅安校区）,609
四川农业大学,2020,理科,烟草（成都校区）,609
四川农业大学,2020,理科,水土保持与荒漠化防治（成都校区）,609
四川农业大学,2020,理科,动植物检疫（成都校区）,609
四川农业大学,2020,理科,动植物检疫（成都校区）,609
四川农业大学,2020,理科,林学（成都校区）,609
四川农业大学,2020,理科,水产养殖学（成都校区）,609
四川农业大学,2020,理科,草业科学（成都校区）,609
四川农业大学,2020,理科,工程管理（都江堰校区）,609
四川农业大学,2020,理科,会计学（都江堰校区）,609
四川农业大学,2020,理科,人力资源管理（雅安校区）,609
四川农业大学,2020,理科,土地资源管理（都校区）,609
四川农业大学,2020,理科,法学（雅安校区）,608
四川农业大学,2020,理科,社会工作（雅安校区）,608
四川农业大学,2020,理科,化学生物学（雅安校区）,608
四川农业大学,2020,理科,生物技术（雅安校区）,608
四川农业大学,2020,理科,能源与动力工程（雅安校区）,608
四川农业大学,2020,理科,给排水科学与工程（都江堰校区），608,
四川农业大学,2020,理科,包装工程（雅安校区），608,
四川农业大学,2020,理科,环境工程（成都校区），608,
四川农业大学,2020,理科,环境科学（成都校区），608,
四川农业大学,2020,理科,城乡规划（都江堰校区）,608
四川农业大学,2020,理科,生物工程（雅安校区）,608
四川农业大学,2020,理科,种子科学与工程（成都校区）,608
四川农业大学,2020,理科,农业资源与环境（成都校区）,608
四川农业大学,2020,理科,中草药栽培与鉴定（成都校区）,608
四川农业大学,2020,理科,工程造价（都江堰校区）,608
四川农业大学,2020,理科,资产评估（都江堰校区）,608
四川农业大学,2020,理科,农村区域发展（成都校区）,608
四川农业大学,2020,理科,电子商务（都江堰校区）,608
四川农业大学,2020,理科,旅游管理（都江堰校区）,608
四川农业大学,2020,理科,会展经济与管理（都江堰校区）,608
武汉科技大学,2020,理科,自动化,620
武汉科技大学,2020,理科,计算机类,620
武汉科技大学,2020,理科,电气工程及其自动化,619
武汉科技大学,2020,理科,电气工程及其自动化,619
武汉科技大学,2020,理科,电子信息类,619
武汉科技大学,2020,理科,信息与计算科学,618
武汉科技大学,2020,理科,机械类,618
武汉科技大学,2020,理科,能源与动力工程,617
武汉科技大学,2020,理科,临床医学,617
武汉科技大学,2020,理科,应用化学,616
武汉科技大学,2020,理科,生物工程,616
武汉科技大学,2020,理科,生物技术,615
武汉科技大学,2020,理科,统计学,615
武汉科技大学,2020,理科,无机非金属材料工程,615
武汉科技大学,2020,理科,化学工程与工艺,615
武汉科技大学,2020,理科,材料物理,614
武汉科技大学,2020,理科,材料化学,614
武汉科技大学,2020,理科,金属材料工程,614
武汉科技大学,2020,理科,安全工程,614
武汉科技大学,2020,理科,预防医学,614
武汉科技大学,2020,理科,工商管理类,614
武汉科技大学,2020,理科,工业工程,614
武汉科技大学,2020,理科,材料成型及控制工程,613
武汉科技大学,2020,理科,测控技术与仪器,613
武汉科技大学,2020,理科,冶金工程,613
武汉科技大学,2020,理科,交通工程,613
武汉科技大学,2020,理科,卫生检验与检疫,613
武汉科技大学,2020,理科,管理科学与工程类,613
武汉科技大学,2020,理科,地理信息科学,612
武汉科技大学,2020,理科,工程力学,612
武汉科技大学,2020,理科,土木类,612
武汉科技大学,2020,理科,药学,612
武汉科技大学,2020,理科,行政管理,612
武汉科技大学,2020,理科,车辆工程,611
武汉科技大学,2020,理科,矿物加工工程,611
武汉科技大学,2020,理科,环境工程,611
武汉科技大学,2020,理科,物业管理,611
武汉科技大学,2020,理科,物流工程,611
武汉科技大学,2020,文科,法学,591
武汉科技大学,2020,文科,行政管理,590
武汉科技大学,2020,文科,投资学,590
武汉科技大学,2020,文科,物流管理,590
武汉科技大学,2020,文科,英语,590
武汉科技大学,2020,文科,工商管理类,590
武汉科技大学,2020,文科,物业管理,589
武汉科技大学,2020,文科,国际经济与贸易,589
武汉科技大学,2020,文科,社会工作,589
西安电子科技大学,2020,理科,计算机类,656
西安电子科技大学,2020,理科,数学类,653
西安电子科技大学,2020,理科,材料类,647
西安电子科技大学,2020,理科,电子信息类,654
西安电子科技大学,2020,理科,生物医学工程类,646
西安电子科技大学,2020,理科,自动化类,653
西安电子科技大学,2020,文科,中国语言文学类,605
西安电子科技大学,2020,文科,管理科学与工程类,607
西安电子科技大学,2020,文科,外国语言文学类,604
西安交通大学,2020,理科,工科试验班（钱学森班之智能技术与自动化Q）,682
西安交通大学,2020,理科,工科试验班（越杰计划之智能电气与信息类Q）,681
西安交通大学,2020,理科,工科试验班（越杰计划之智能电气与信息类Q）,681
西安交通大学,2020,理科,人工智能,680
西安交通大学,2020,理科,工科试验班（钱学森班之智能电气Q）,680
西安交通大学,2020,理科,工科试验班（钱学森班之智慧能源动力Q）,680
西安交通大学,2020,理科,工科试验班（钱学森班之智能制造Q）,678
西安交通大学,2020,理科,工科试验班（越杰计划之智慧能源与智能制造类Q）,678
西安交通大学,2020,理科,理科试验班（数学H）,678
西安交通大学,2020,理科,工科试验班（智能电气与信息类）,677
西安交通大学,2020,理科,工科试验班（智能电气与信息类）,677
西安交通大学,2020,理科,工科试验班（大数据管理）,676
西安交通大学,2020,理科,会计学（ACCA）,676
西安交通大学,2020,理科,医学试验班（侯宗濂班H）,676
西安交通大学,2020,理科,工科试验班（智慧能源与智能制造类）,674
西安交通大学,2020,理科,医学试验班（5+3一体化）（学制五年）,654
西安交通大学,2020,理科,医学试验班（护理学）,621
西安交通大学,2020,理科,医学试验班（学制五年）,618
西安交通大学,2020,文科,外国语言文学类,631
西北大学,2020,理科,软件工程,641
西北大学,2020,理科,电子科学与技术,639
西北大学,2020,理科,计算机类,639
西北大学,2020,理科,应用统计学,638
西北大学,2020,理科,经济学,638
西北大学,2020,理科,数学类,638
西北大学,2020,理科,生物科学类,638
西北大学,2020,理科,文物保护技术,637
西北大学,2020,理科,生物科学,637
西北大学,2020,理科,化学类,636
西北大学,2020,理科,化学工程与工艺,636
西北大学,2020,理科,生物医学科学,636
西北大学,2020,理科,电子信息科学与技术,611
西北大学,2020,文科,考古学,617
西北大学,2020,文科,汉语国际教育,614
西北大学,2020,文科,汉语言文学,614
西北大学,2020,文科,工商管理类,613
西北大学,2020,文科,新闻传播学类,613
西北大学,2020,文科,社会工作,612
西北大学,2020,文科,哲学,611
西南财经大学,2020,理科,金融学（智能金融与区块链金融）,661
西南财经大学,2020,理科,金融学（证券与期货方向）,655
西南财经大学,2020,理科,金融学（双语实验班）,652
西南财经大学,2020,理科,统计学类,652
西南财经大学,2020,理科,金融数学,650
西南财经大学,2020,理科,投资学,648
西南财经大学,2020,理科,审计学,648
西南财经大学,2020,理科,金融学类,"	648"
西南财经大学,2020,理科,法学,648
西南财经大学,2020,理科,会计学,647
西南财经大学,2020,理科,财政学类,647
西南财经大学,2020,理科,保险学（精算双语实验班）,646
西南财经大学,2020,理科,会计学（注册会计师专门化方向）,646
西南财经大学,2020,理科,保险学（财务与会计双语实验班）,645
西南财经大学,2020,理科,计算机类,645
西南财经大学,2020,理科,人力资源管理,644
西南财经大学,2020,理科,管理科学,644
西南财经大学,2020,理科,财务管理,644
西南财经大学,2020,理科,经济统计学,644
西南财经大学,2020,理科,经济与贸易类,644
西南财经大学,2020,理科,数学与应用数学（经济数学方向）,644
西南财经大学,2020,理科,工商管理（双语实验班）,643
西南财经大学,2020,理科,信息管理与信息系统,643
西南财经大学,2020,理科,会计学（双语实验班）,642
西南财经大学,2020,理科,外国语言文学类,642
西南财经大学,2020,理科,工商管理类,641
西南财经大学,2020,理科,劳动与社会保障,640
西南财经大学,2020,理科,劳动与社会保障,640
西南财经大学,2020,理科,电子商务,640
西南财经大学,2020,理科,会计学,632
西南财经大学,2020,理科,金融数学,629
西南财经大学,2020,理科,信息管理与信息系统（中外合作办学）,615
西南财经大学,2020,理科,国际商务（中外合作办学）,609
西南财经大学,2020,理科,物流管理（中外合作办学）,609
西南财经大学,2020,文科,金融学类,629
西南财经大学,2020,文科,金融学（双语实验班）,626
西南财经大学,2020,文科,保险学（财务与会计双语实验班）,625
西南财经大学,2020,文科,保险学,623
西南财经大学,2020,文科,金融学,623
西南财经大学,2020,文科,汉语言文学,622
西南财经大学,2020,文科,财政学类,622
西南财经大学,2020,文科,法学,622
西南财经大学,2020,文科,经济与贸易类,621
西南财经大学,2020,文科,工商管理类,621
长安大学,2020,理科,道路桥梁与渡河工程,631
长安大学,2020,理科,车辆工程,630
长安大学,2020,理科,人工智能,630
长安大学,2020,理科,交通工程,628
长安大学,2020,理科,能源与动力工程,627
长安大学,2020,理科,电气工程及其自动化,627
长安大学,2020,理科,计算机类,627
长安大学,2020,理科,大数据管理与应用,627
长安大学,2020,理科,电子信息类,626
长安大学,2020,理科,交通运输,626
长安大学,2020,理科,经济学类,625
长安大学,2020,理科,数学类,625
长安大学,2020,理科,地球物理学类,625
长安大学,2020,理科,材料类,625
长安大学,2020,理科,自动化类,625
长安大学,2020,理科,自动化类,625
长安大学,2020,理科,化学工程与工艺,625
长安大学,2020,理科,工程力学,624
长安大学,2020,理科,机械类,624
长安大学,2020,理科,机械类,624
长安大学,2020,理科,环境科学与工程类,624
长安大学,2020,理科,地质学类,623
长安大学,2020,理科,汽车服务工程,623
长安大学,2020,理科,道路桥梁与渡河工程,623
长安大学,2020,理科,测绘类,623
长安大学,2020,理科,地质工程,623
长安大学,2020,理科,交通工程,623
长安大学,2020,理科,管理科学与工程类,623
长安大学,2020,理科,物流工程,623
长安大学,2020,理科,土木类,622
长安大学,2020,理科,水利类,622
长安大学,2020,理科,建筑类,622
长安大学,2020,理科,工商管理类,622
长安大学,2020,理科,物流管理,622
长安大学,2020,理科,道路桥梁与渡河工程,607
长安大学,2020,理科,车辆工程,599
长安大学,2020,理科,交通运输,586
长安大学,2020,文科,法学,606
长安大学,2020,文科,建筑类,604
长安大学,2020,文科,英语,603
长安大学,2020,文科,新闻传播学类,603
长安大学,2020,文科,公共管理类,603
南京大学,2020,理科,人工智能,694
南京大学,2020,理科,理科试验班类（匡亚明学院大理科班）,693
南京大学,2020,理科,计算机科学与技术,691
南京大学,2020,理科,经济管理试验班,690
南京大学,2020,理科,软件工程,690
南京大学,2020,理科,理科试验班类（化学与生命科学类）,689
南京大学,2020,理科,理科试验班（数理科学类）,689
南京大学,2020,理科,电子信息类,689
南京大学,2020,文科,社会科学试验班,650
南京大学,2020,文科,汉语言文学,650
南京大学,2020,文科,经济管理试验班,649
东南大学,2020,理科,电子信息类,672
东南大学,2020,理科,工科试验班（环境化工生物类）,666
东南大学,2020,理科,工科试验班（机械能源材料类）,667
东南大学,2020,理科,工科试验班（土木交通类）,666
东南大学,2020,理科,工科试验班（吴健雄班）,680
东南大学,2020,理科,工科试验班（自动化电气测控类）,670
东南大学,2020,理科,计算机类,671
东南大学,2020,理科,建筑类,675
东南大学,2020,理科,理科试验班,669
东南大学,2020,文科,文科试验班类,631
东南大学,2020,文科,英语,630
苏州大学,2020,文科,中国语言文学类,623
苏州大学,2020,文科,新闻传播学类,625
苏州大学,2020,理科,新闻传播学类,643
苏州大学,2020,文科,历史学(师范),620
苏州大学,2020,文科,旅游管理,622
苏州大学,2020,文科,劳动与社会保障,622
苏州大学,2020,文科,哲学,621
苏州大学,2020,文科,管理科学,621
苏州大学,2020,文科,思想政治教育,619
苏州大学,2020,理科,经济学,651
苏州大学,2020,文科,国际经济与贸易,625
苏州大学,2020,理科,财政学,644
苏州大学,2020,文科,金融学,622
苏州大学,2020,理科,会计学,644
苏州大学,2020,文科,工商管理,623
苏州大学,2020,文科,财务管理,625
苏州大学,2020,理科,电子商务,645
苏州大学,2020,文科,法学,635
苏州大学,2020,文科,教育学(师范),619
苏州大学,2020,理科,教育技术学(师范),640
苏州大学,2020,文科,英语(师范),622
苏州大学,2020,文科,日语,621
苏州大学,2020,理科,数学类,646
苏州大学,2020,理科,统计学,649
苏州大学,2020,理科,电子信息科学与技术,644
苏州大学,2020,理科,物理学,644
苏州大学,2020,理科,物理学(师范),643
苏州大学,2020,理科,测控技术与仪器,642
苏州大学,2020,理科,化学类,641
苏州大学,2020,理科,环境工程,641
苏州大学,2020,理科,化学工程与工艺,640
苏州大学,2020,理科,计算机科学与技术,649
苏州大学,2020,理科,软件工程,652
苏州大学,2020,理科,机械类,642
苏州大学,2020,理科,轻化工程,640
苏州大学,2020,理科,口腔医学,656
苏州大学,2020,理科,医学影像学,644
苏州大学,2020,理科,法医学,640
苏州大学,2020,理科,临床医学,657
苏州大学,2020,理科,临床医学(儿科医学),644
苏州大学,2020,理科,放射医学,640
苏州大学,2020,理科,预防医学,641
苏州大学,2020,理科,药学,640
苏州大学,2020,文科,城市管理,623
苏州大学,2020,文科,物流管理,619
苏州大学,2020,文科,朝鲜语,619
苏州大学,2020,理科,材料类,642
苏州大学,2020,理科,护理学,645
苏州大学,2020,理科,车辆工程,645
苏州大学,2020,理科,交通运输,640
苏州大学,2020,理科,新能源材料与器件,640
苏州大学,2020,理科,纳米材料与技术,644
苏州大学,2020,理科,冶金工程,640
苏州大学,2020,理科,食品质量与安全,647
苏州大学,2020,文科,图书情报与档案管理类,621
苏州大学,2020,文科,知识产权,622
苏州大学,2020,文科,翻译,621
苏州大学,2020,理科,建筑学,644
苏州大学,2020,理科,城乡规划,642
苏州大学,2020,理科,金融数学,649
苏州大学,2020,理科,能源与动力工程,640
苏州大学,2020,理科,光电信息科学与工程,647
苏州大学,2020,理科,建筑环境与能源应用工程,642
苏州大学,2020,理科,电气工程及其自动化,648
苏州大学,2020,理科,金属材料工程,640
苏州大学,2020,理科,纺织工程(中外合作办学),625
苏州大学,2020,理科,纺织类,640
苏州大学,2020,理科,生物制药,643
苏州大学,2020,理科,医学检验技术,643
苏州大学,2020,文科,法语,621
苏州大学,2020,理科,风景园林,642
苏州大学,2020,理科,电气工程与智能控制,642
苏州大学,2020,理科,历史建筑保护工程,643
苏州大学,2020,理科,新能源材料与器件(中外合作办学),629
苏州大学,2020,理科,临床医学(5+3一体化),661
苏州大学,2020,理科,轨道交通信号与控制,643
苏州大学,2020,文科,社会学类,619
苏州大学,2020,理科,电子信息类,647
苏州大学,2020,理科,临床医学(5+3一体化,661
苏州大学,2020,理科,智能制造工程,642
苏州大学,2020,理科,人工智能,649
南京师范大学,2020,理科,英语（双外语）,643
南京师范大学,2020,理科,数学类,643
南京师范大学,2020,理科,法学,640
南京师范大学,2020,理科,化学类,640
南京师范大学,2020,理科,新闻传播学类,638
南京师范大学,2020,理科,自动化,638
南京师范大学,2020,理科,汉语言,637
南京师范大学,2020,理科,哲学,636
南京师范大学,2020,理科,生物工程,635
南京师范大学,2020,理科,能源动力类,634
南京师范大学,2020,理科,教育技术学（师范）,633
南京师范大学,2020,理科,测绘工程,633
南京师范大学,2020,理科,环境科学与工程类,633
南京师范大学,2020,理科,公共管理类,633
南京师范大学,2020,文科,中国语言文学类,622
南京师范大学,2020,文科,古典文献学,621
南京师范大学,2020,文科,历史学类,619
南京师范大学,2020,文科,地理科学类,619
南京师范大学,2020,文科,工商管理类,619
南京师范大学,2020,文科,小学教育（师范）,618
南京师范大学,2020,文科,学前教育（师范）,618
河海大学,2020,理科,计算机科学与技术,646
河海大学,2020,理科,水利类（大禹强化班）,646
河海大学,2020,理科,电气工程及其自动化,645
河海大学,2020,理科,软件工程,645
河海大学,2020,理科,水利水电工程,644
河海大学,2020,理科,环境工程,644
河海大学,2020,理科,通信工程,644
河海大学,2020,理科,电子信息工程,644
河海大学,2020,理科,智能科学与技术,644
河海大学,2020,理科,自动化,643
河海大学,2020,理科,水文与水资源工程,642
河海大学,2020,理科,工程力学（大禹徐芝纶班）,642
河海大学,2020,理科,给排水科学与工程,641
河海大学,2020,理科,法学,641
河海大学,2020,理科,金融工程,641
河海大学,2020,理科,水务工程,640
河海大学,2020,理科,交通工程,640
河海大学,2020,理科,环境科学,640
河海大学,2020,理科,新能源科学与工程,640
河海大学,2020,理科,会计学,640
河海大学,2020,理科,信息管理与信息系统,640
河海大学,2020,理科,数学类,640
河海大学,2020,理科,计算机科学与技术（常州校区）,640
河海大学,2020,理科,物联网工程（常州校区）,640
河海大学,2020,理科,人力资源管理,639
河海大学,2020,理科,能源与动力工程,638
河海大学,2020,理科,地理信息科学,638
河海大学,2020,理科,农业水利工程,638
河海大学,2020,理科,电子科学与技术（常州校区）,638
河海大学,2020,理科,自动化（常州校区）,638
河海大学,2020,理科,自动化（常州校区）,638
河海大学,2020,理科,工程力学,637
河海大学,2020,理科,社会学,637
河海大学,2020,理科,能源与动力工程（常州校区）,637
河海大学,2020,理科,大数据管理与应用（常州校区）,637
河海大学,2020,理科,土木工程,636
河海大学,2020,理科,广播电视学,636
河海大学,2020,理科,港口航道与海岸工程,635
河海大学,2020,理科,测绘工程,635
河海大学,2020,理科,材料科学与工程,635
河海大学,2020,理科,环境生态工程,635
河海大学,2020,理科,土地整治工程,635
河海大学,2020,理科,机械工程（常州校区）,635
河海大学,2020,理科,通信工程（常州校区）,635
河海大学,2020,理科,机器人工程（常州校区）,635
河海大学,2020,理科,自然地理与资源环境,634
河海大学,2020,理科,地质工程,634
河海大学,2020,理科,海洋科学,634
河海大学,2020,理科,土地资源管理,634
河海大学,2020,理科,海洋资源开发技术,634
河海大学,2020,理科,工程管理,634
河海大学,2020,理科,国际经济与贸易（常州校区）,634
河海大学,2020,理科,金属材料工程（常州校区）,634
河海大学,2020,理科,应用物理学,633
河海大学,2020,理科,遥感科学与技术,633
河海大学,2020,理科,英语,633
河海大学,2020,理科,工业设计（常州校区）,633
河海大学,2020,理科,劳动与社会保障,631
河海大学,2020,理科,环境科学（中外合作办学）,620
河海大学,2020,理科,土木工程（中外合作办学）,592
河海大学,2020,理科,机械工程（中外合作办学）,590
河海大学,2020,文科,法学,619
河海大学,2020,文科,会计学,617
河海大学,2020,文科,财务管理,616
河海大学,2020,文科,人力资源管理,615
河海大学,2020,文科,国际经济与贸易（常州校区）,614
河海大学,2020,文科,土地资源管理,612
河海大学,2020,文科,劳动与社会保障,612
河海大学,2020,文科,英语,611
河海大学,2020,文科,思想政治教育,610
河海大学,2020,文科,社会学,610
河海大学,2020,文科,广播电视学,607
南京理工大学,2020,理科,计算机类,654
南京理工大学,2020,理科,电子信息类,651
南京理工大学,2020,理科,光电信息科学与工程,651
南京理工大学,2020,理科,数学类,650
南京理工大学,2020,理科,机器人工程,650
南京理工大学,2020,理科,自动化类,649
南京理工大学,2020,理科,经济学类,648
南京理工大学,2020,理科,土木工程,648
南京理工大学,2020,理科,兵器类,648
南京理工大学,2020,理科,工商管理类,648
南京理工大学,2020,理科,应用物理学,647
南京理工大学,2020,理科,应用统计学,647
南京理工大学,2020,理科,机械类,647
南京理工大学,2020,理科,测控技术与仪器,647
南京理工大学,2020,理科,能源动力类,647
南京理工大学,2020,理科,能源动力类,647
南京理工大学,2020,理科,探测制导与控制技术,647
南京理工大学,2020,理科,工程力学,646
南京理工大学,2020,理科,工业设计,646
南京理工大学,2020,理科,材料类,646
南京理工大学,2020,理科,化工与制药类,646
江南大学,2020,理科,食品科学与工程,635
江南大学,2020,理科,食品质量与安全,631
江南大学,2020,理科,生物工程,635
江南大学,2020,理科,酿酒工程,627
江南大学,2020,理科,纺织工程,630
江南大学,2020,理科,轻化工程,628
江南大学,2020,理科,化学工程与工艺,626
江南大学,2020,理科,高分子材料与工程,633
江南大学,2020,理科,应用化学,633
江南大学,2020,理科,自动化,641
江南大学,2020,理科,物联网工程,643
江南大学,2020,理科,微电子科学与工程,637
江南大学,2020,理科,通信工程,639
江南大学,2020,理科,环境工程,628
江南大学,2020,理科,工业工程,626
江南大学,2020,理科,信息与计算科学,638
江南大学,2020,理科,光电信息科学与工程,635
江南大学,2020,理科,机械工程,631
江南大学,2020,理科,机械电子工程,631
江南大学,2020,理科,过程装备与控制工程,632
江南大学,2020,理科,包装工程,632
江南大学,2020,理科,工业设计,636
江南大学,2020,理科,制药工程,633
江南大学,2020,理科,临床医学,634
江南大学,2020,理科,计算机科学与技术,641
江南大学,2020,理科,数字媒体技术,639
江南大学,2020,文科,国际经济与贸易,615
江南大学,2020,文科,汉语言文学,611
江南大学,2020,文科,英语,612
江南大学,2020,文科,法学,615
江南大学,2020,文科,社会工作,612
南京农业大学,2020,文科,英语,609
南京农业大学,2020,文科,社会学类,605
南京农业大学,2020,文科,日语,604
南京农业大学,2020,文科,农林经济管理,609
南京农业大学,2020,文科,金融学,613
南京农业大学,2020,文科,公共管理类,605
南京农业大学,2020,文科,工商管理类,606
南京农业大学,2020,理科,种子科学与工程,620
南京农业大学,2020,理科,中药学,621
南京农业大学,2020,理科,植物生产类,619
南京农业大学,2020,理科,植物保护,620
南京农业大学,2020,理科,应用化学,622
南京农业大学,2020,理科,信息与计算科学,627
南京农业大学,2020,理科,信息管理与信息系统,625
南京农业大学,2020,理科,物流工程,621
南京农业大学,2020,理科,投资学,631
南京农业大学,2020,理科,统计学,623
南京农业大学,2020,理科,数据科学与大数据技术,628
南京农业大学,2020,理科,食品科学与工程类,622
南京农业大学,2020,理科,生物学基地班,633
南京农业大学,2020,理科,生物科学类,628
南京农业大学,2020,理科,生命科学与技术基地班,630
南京农业大学,2020,理科,社会学类,621
南京农业大学,2020,理科,人文地理与城乡规划,624
南京农业大学,2020,理科,人工智能,629
南京农业大学,2020,理科,农学,622
南京农业大学,2020,理科,农林经济管理,623
南京农业大学,2020,理科,金融学,633
南京农业大学,2020,理科,交通运输,621
南京农业大学,2020,理科,计算机科学与技术,631
南京农业大学,2020,理科,机械类,619
南京农业大学,2020,理科,会计学,625
南京农业大学,2020,理科,环境科学与工程类,620
南京农业大学,2020,理科,国际经济与贸易,630
南京农业大学,2020,理科,公共管理类,627
南京农业大学,2020,理科,工业工程,619
南京农业大学,2020,理科,工程管理,619
南京农业大学,2020,理科,风景园林,627
南京农业大学,2020,理科,动物医学类,619
南京农业大学,2020,理科,动物生产类,620
南京农业大学,2020,理科,电子信息类,623
南京航空航天大学,2020,理科,软件工程,652
南京航空航天大学,2020,理科,计算机科学与技术,655
南京航空航天大学,2020,理科,信息安全,650
南京航空航天大学,2020,理科,物联网工程,649
南京航空航天大学,2020,理科,人工智能,650
南京航空航天大学,2020,理科,微电子科学与工程,644
南京航空航天大学,2020,理科,工程力学,649
南京航空航天大学,2020,理科,能源与动力工程,644
南京航空航天大学,2020,理科,车辆工程,644
南京航空航天大学,2020,理科,自动化,649
南京航空航天大学,2020,理科,电气工程及其自动化,647
南京航空航天大学,2020,理科,测控技术与仪器,643
南京航空航天大学,2020,理科,生物医学工程,644
南京航空航天大学,2020,理科,探测制导与控制技术,644
南京航空航天大学,2020,理科,电子信息类,646
南京航空航天大学,2020,理科,机械工程,644
南京航空航天大学,2020,理科,工业设计,644
南京航空航天大学,2020,理科,材料科学与工程,643
南京航空航天大学,2020,理科,应用化学,644
南京航空航天大学,2020,理科,核工程类,646
南京航空航天大学,2020,理科,新能源材料与器件,644
南京航空航天大学,2020,理科,交通运输（空中交通管制与签派）,644
南京航空航天大学,2020,理科,交通运输（民航电子电气工程）,644
南京航空航天大学,2020,理科,交通运输（机场运行与管理）,643
南京航空航天大学,2020,理科,土木工程,643
南京航空航天大学,2020,理科,航空航天工程,651
南京航空航天大学,2020,理科,光电信息科学与工程,646
南京航空航天大学,2020,理科,飞行器控制与信息工程,646
南京航空航天大学,2020,理科,计算机科学与技术,655
南京航空航天大学,2020,理科,信息安全,650
南京航空航天大学,2020,理科,软件工程,652
南京航空航天大学,2020,理科,物联网工程,649
南京航空航天大学,2020,理科,人工智能,650
南京航空航天大学,2020,理科,信息与计算科学,647
南京航空航天大学,2020,理科,应用统计学,644
南京航空航天大学,2020,理科,应用物理学,645
南京航空航天大学,2020,理科,管理科学与工程类,644
南京航空航天大学,2020,文科,广播电视学,616
南京航空航天大学,2020,文科,英语（民航业务、国际贸易）,612
南京航空航天大学,2020,文科,日语,612
南京航空航天大学,2020,理科,航空航天类,646
浙江大学,2020,理科,工科试验班（竺可桢学院图灵班）,696
浙江大学,2020,理科,机器人工程（竺可桢学院）,696
浙江大学,2020,理科,工科试验班（信息）,693
浙江大学,2020,理科,社会科学试验班,692
浙江大学,2020,理科,工科试验班（能源、化工与高分子）,692
浙江大学,2020,理科,工科试验班（电气与自动化）,692
浙江大学,2020,理科,理科试验班（生命、环境、化学与地学）,692
浙江大学,2020,理科,工科试验班（航空航天与过程装备）,691
浙江大学,2020,理科,理科试验班类,691
浙江大学,2020,理科,医学试验班（学制八年医）,691
浙江大学,2020,文科,社会科学试验班,650
浙江大学,2020,文科,人文科学试验班,649
浙江大学,2020,文科,新闻传播学类,649
中国科学技术大学,2020,理科,理科试验班类（少年班学院教学改革试点班）,694
中国科学技术大学,2020,理科,理科试验班类（拔尖计划科技英才班）,694
中国科学技术大学,2020,理科,工科试验班（科技英才班）,692
中国科学技术大学,2020,理科,数学类,692
中国科学技术大学,2020,理科,物理学类,690
中国科学技术大学,2020,理科,计算机类,690
安徽大学,2020,理科,计算机类,637
安徽大学,2020,理科,电子信息工程,635
安徽大学,2020,理科,互联网金融,633
安徽大学,2020,理科,电子信息类,631
安徽大学,2020,理科,计算机类,631
安徽大学,2020,理科,数学类,629
安徽大学,2020,理科,法学类,628
安徽大学,2020,理科,机械设计制造及其自动化,628
安徽大学,2020,理科,自动化类,628
安徽大学,2020,理科,材料类,627
安徽大学,2020,理科,哲学类,626
安徽大学,2020,理科,物理学类,626
安徽大学,2020,理科,生物科学类,626
安徽大学,2020,理科,材料物理,626
安徽大学,2020,理科,环境科学与工程类,626
安徽大学,2020,理科,工商管理类,626
安徽大学,2020,理科,应用物理学（中外合作办学）,593
安徽大学,2020,理科,数字媒体技术（中外合作办学）,593
安徽大学,2020,理科,应用统计学（中外合作办学）,592
安徽大学,2020,文科,法学类,611
安徽大学,2020,文科,法语,607
安徽大学,2020,文科,哲学类,606
安徽大学,2020,文科,经济学类,606
安徽大学,2020,文科,新闻传播学类,606
安徽大学,2020,文科,历史学类,605
安徽大学,2020,文科,政治学类,605
安徽大学,2020,文科,思想政治教育,605
安徽大学,2020,文科,日语,605
安徽大学,2020,文科,管理科学与工程类,605
安徽大学,2020,文科,工商管理类,605
